door_thickness_mm,lock_distance_mm,steel_area_scale,ferrite_thickness_mm,ferrite_mu_prime,phone_offset_mm,phone_angle_deg,antenna_L_tolerance_fraction,Q_multiplier,matching_C_tolerance_fraction,metal_prior_scale,coupling_margin_db,nfc_margin_proxy_db,installed_L_uH,installed_Q_loaded,installed_f0_MHz
39.791972993976955,6.424466584796202,1.089514224293817,0.3184714084419651,35.0,11.959355724818868,21.587450274784473,-0.041992681466797896,1.1939886193001759,-0.004536615010945469,0.9748008199035154,-29.608565834892573,-29.862281756636285,1.680433680848279,17.94016484225312,13.563161335220709
42.93778363602635,29.713717397321606,1.1492015934167474,0.5393190915262196,66.69690874270461,12.706470585901931,0.3765998148332237,0.01988015385770046,1.0020651652491714,0.010769873571784437,1.352194416223411,-30.191965185082346,-38.139307129647165,1.8689123112852586,20.143234938082227,12.763319906216603
36.30260727962779,16.21717273582015,0.724466872238762,0.5566448243657842,77.81874052663187,20.185088629619443,14.125342510171869,0.023965584447983246,1.2297856751864031,-0.03435220306451516,1.0284150051091325,-29.2729594188177,-34.80392074180615,1.884350222094559,20.84588853486931,13.004512401522677
37.77210203468903,16.963121134079756,0.7893911227087324,0.4508450985648481,96.15387482853814,30.626206704969704,9.91080986866045,0.020982770004582613,1.1097185283226592,-2.2500061331827032e-05,0.8197431019032314,-36.08611557726738,-43.73692628695522,1.8781902362729326,20.495747473670576,12.800276717457944
37.75715198678305,8.716452387485116,1.2418828325423905,0.3620450171961923,106.12155090527858,21.559025809552573,4.1369737293061615,0.05706366273186186,1.168044198348934,-0.03357364777420177,1.427185750537463,-31.806270058568842,-37.66884904368513,1.8953257859357453,19.425829369655073,12.961579988470689
38.38041345575517,6.725051324394326,1.161704099719251,0.45071872561352255,117.41555063703699,9.1102899473486,10.33274777220565,0.0709283818578411,1.1262679061009373,0.002558688058477753,1.151292680261498,-29.368384757871926,-39.27879561708369,1.95647485572119,19.97038829709149,12.525417878821852
36.38075339455579,29.716728882320663,1.2953069652775404,0.6693123473338993,99.03778961873792,4.706944171571491,15.40014574071885,-0.12,1.076149813482708,-0.016847362492058853,1.3002413463599232,-25.861488989761785,-28.06174104506701,1.6324514456688943,18.4298933024285,13.846934919331183
39.68934438136769,29.401150476630935,0.8409083877756993,0.5373402547620003,74.64746975537288,23.9280958234395,5.271431277227725,0.052410058174563304,1.2225861886155278,0.011439417167573036,0.9281157847267402,-32.47072901453395,-42.65509650402783,1.9377869977376547,21.79588389877287,12.53029528771945
40.53224114870396,20.84801045824556,0.9324178008010353,0.5134212417634598,121.76029411495497,12.337607972836274,1.465528796522289,0.10112251248675858,1.0138675809969049,0.011674561618103388,1.0602936245564991,-29.565531201820335,-41.78777676163914,2.0358454880718955,21.364129218330902,12.223383563302411
38.57410407948328,11.865205414879831,1.3813355444213786,0.3534080280088634,125.95369504661795,3.8609170510491864,6.866452129853872,0.029717109733733617,0.9161838511131781,-0.028736705232011855,0.930555345261233,-27.939709802283225,-33.587047221749906,1.881078322545576,19.094175238852795,12.978136396608354
41.164313120184644,9.953989004536945,0.8066991482645487,0.5976971389009225,98.65907926525311,17.347288411789698,14.610098241168066,-0.04358894172881585,0.6911205246933152,0.0004894409586358733,0.9841113464024247,-31.714000036087388,-34.976609547919814,1.7697534070934446,16.70000262322061,13.183223911669565
40.46066085295327,12.356163073873198,0.8309582279126886,0.6485310083601891,112.71744626077877,7.048847415934025,18.957512871157846,-0.08893834292449138,1.2463174359183182,0.016696136236055956,0.8750329520303675,-28.350858586801586,-29.556622181199735,1.6965691125479903,19.15552736360848,13.35681458201633
38.044722992376514,16.139562400943532,1.0597801664973905,0.5290498358309977,62.62049342098331,23.555688180241027,15.803667290614607,0.03110342639150437,1.1540055927837918,-0.008694780385690874,1.1662328483346098,-30.956257082583658,-38.14398314135797,1.88140918524783,20.327678381836613,12.845142759028809
37.11212433369468,29.41563699223519,1.0921231794338415,0.4898720201654613,133.66753468421865,18.167550317799762,0.9456219850770076,0.10491982438251778,1.0940248351592075,-0.01359913006623128,1.2303099249227876,-29.43711839857575,-40.909957864501735,2.042460959636073,22.07644562031485,12.358923853512902
41.75996948434442,26.78278751050104,1.1111432190818173,0.6559168808436848,104.67921548375512,11.851081174512617,0.5962137501619171,-0.04432288957689708,0.8678800083964701,0.03227616821197856,1.2877993150046145,-29.24819767882406,-34.946619495311836,1.7723512858719705,18.656494833955527,12.969146882199194
37.99608351801565,17.43067010895905,0.9776630829384421,0.5328680411341215,97.90596039065198,6.421346869355991,8.66952016598772,-0.07808714154131663,0.7725650039085865,0.010882891486920369,1.0494574894172934,-27.015536303880587,-28.25662905675033,1.7000868373131561,17.242379301802995,13.381299342530609
38.91792635263654,23.071698658578317,0.9427412430150848,0.6659663160973777,100.09345387690634,12.041577256047875,8.227803613061427,-0.004373134705853638,0.8300754699448567,-0.05050567728987658,1.0850533627738868,-28.613734667094796,-31.159847274533018,1.8483546324200417,18.98548674392271,13.241751255423246
44.518609414664475,11.380651193799224,1.3884301215947998,0.4684303665264785,73.72846409214071,15.861231321084196,12.955927857200098,0.012599660464271373,1.080525923951053,0.0029586018937255397,1.0852298361033996,-32.386413915545724,-38.891903088289,1.8436348284839341,19.406668599666567,12.900463255510589
39.58606396063142,21.03830891021678,1.238924427756968,0.45832546756465065,135.47239171091132,4.937547912627713,16.31778550694532,0.09760625700193443,0.6,0.02184440297434058,1.334188654947344,-28.36407147457532,-39.97445233281199,2.019221205039177,17.86692928833951,12.212369258166024
48.25971121296222,16.94159656631527,1.1160182188355863,0.45958816039912304,83.01619296199546,9.488562415510689,9.78976857678461,-0.026152893769789562,0.9656251548715239,0.0159023242565988,1.249977263980643,-32.39021626438258,-37.04733402814854,1.7750645667570981,18.617979223363264,13.063249069327089
36.5285039524732,3.9086311751504867,0.8039145555837459,0.5245621671207933,58.556605225529715,4.164094115359255,5.445541933500468,0.035104783816928296,0.8570061066560485,-0.006961677049037413,1.4007286415268656,-28.539126554935613,-34.3454348240581,1.850986725119255,16.742332702468207,12.938967000275536
41.965178291449476,43.881184574932746,0.7398116599113262,0.6216218335806675,90.12831709350654,8.230365605352532,10.450627932429752,-0.0033306538669526107,0.7368498028099459,-0.0008229717266690022,1.0041957772137153,-29.080292099038267,-35.433013663722434,1.8481332607173655,18.891408381095715,12.909112923295519
35.74074757431242,16.40697550923725,0.9472418828937998,0.6303829382749329,92.79124032488112,6.180238618206152,16.60184281971334,0.02231606011310191,1.076686651764987,-0.001386836633139138,1.357911289868077,-26.652461292416238,-34.31088146691499,1.883419362907612,19.954769183331667,12.791223960715238
39.537524505901715,25.792484225178,1.0023956777100853,0.4082737479972812,97.048256067604,13.796217446939101,22.3199062166008,-0.044771677165091374,0.8421311089847331,0.04217091690714857,1.2507731040388872,-28.36411443336907,-33.56957961792498,1.7442405013292057,18.219148594411244,13.01102776755731
38.944357660699566,15.902619592081876,1.2462755553892233,0.4002978621673435,175.0348436408376,12.238729657072753,13.411758834659505,-0.05612596406834406,0.9265761250370729,0.006350031533505931,1.4646444810235295,-28.703912037217666,-30.62292489335098,1.728101362640825,17.86384933120707,13.302250537194931
48.355352988440785,29.675635043645105,0.6923611989354885,0.4818291853741538,113.21675177908135,7.966998967170815,17.004232500198135,-0.051019936407108606,1.109648412198825,-0.015658032586478094,1.030460081631695,-31.441081916279924,-32.56180471277212,1.7517896916514804,19.719451885139154,13.358887044987751
44.361459671601956,39.033587671985984,1.3007124187008872,0.6031407619245616,89.74153076428324,2.726579348599285,24.84124602807688,0.12,0.8754325764615136,0.018958027551063704,1.221326209294251,-30.38105702007985,-43.50688631455219,2.073136489935017,21.38110983978264,12.069580238641771
34.4401136013762,24.408690023755643,0.8116791673141689,0.7798269517592549,103.3965954472136,24.21102473117078,4.405205676143543,0.019318459778374143,1.0361076274837386,0.02345941183261922,0.9547501854199942,-29.830699236848062,-39.4560665720591,1.9009739144808335,20.620004911499116,12.576531153692601
40.09843742982787,21.210097228636137,0.8790651346705491,0.3898587178971703,56.86838262162039,5.02193755110641,5.727612882138853,0.04779490671436525,1.042210786288402,-0.010136321080363761,1.0454479511737507,-28.337659085823542,-35.72208015469024,1.8903164121099758,20.252382657701034,12.824171425997225
38.511994096602145,21.68284619361551,1.2333219197715586,0.5363347281650978,105.86292010654464,12.055978741932199,6.3777916037490066,-0.09965386362711316,1.0174907975623195,-0.007778713944889035,1.0434784198135691,-28.055734158692353,-28.475189778171085,1.6639062122709405,18.352182354740606,13.652606414625843
44.194325757581595,20.79366450801915,1.479958620691954,0.5127596654129695,92.15328991291625,13.499396257836828,14.174527357986612,-0.003294876132212325,1.135123403064263,-0.016198080649369794,0.7133783259302826,-31.452242526080862,-36.666514805831525,1.8426959430470404,20.5150717760923,13.028775151378795
35.954478833439055,14.952898155755413,1.2145797323720784,0.44388360076203554,136.6991947708945,10.641654739402238,7.128855030990605,-0.0333730272164842,1.112009572938576,0.0004289407526241729,1.2053595963093082,-27.11464584030621,-30.637866989216555,1.7756472523130793,19.21262108460467,13.16172436820919
41.47151290671816,12.449834186856123,0.9934298858074075,0.47190424472450276,118.88630930695919,20.746229832882268,7.163680641121537,0.009149040953219915,0.9964471465873701,-0.00088847100404537,0.819916244481933,-31.523113725997174,-38.606583068459344,1.866358256961549,19.65558907120298,12.846350594072726
46.57429316591197,10.764026222528209,0.8386245134777685,0.5433479373402126,70.08785203094583,8.887547492068313,0.9854009495066229,0.05364348541919363,1.0068744836349148,-0.023434488603966658,0.8913330986884855,-31.801882202294184,-39.80436082240523,1.9368498535663632,20.01014567292553,12.75515066537213
35.95176018988464,44.143885965716855,1.134400154875284,0.43248327532618236,51.794664799989775,12.20790187352489,18.940806373793254,-0.027824020481724644,0.9925124619345222,0.009228830841921595,1.414412416074464,-26.473829732094266,-30.07854960890608,1.761769728968129,19.47353312343497,13.155727393289855
41.0658323861623,7.95748101331218,0.940503651021074,0.48477302916919873,68.41564409980722,17.600056312883794,31.260759087316405,0.04776881828271544,1.216741141856088,-0.04878516507177027,0.9966631858806444,-31.68193069256777,-37.003990597916484,1.9090348410006484,20.299322926463883,13.017812952320726
38.7081772584247,17.32957505347006,1.1294488326202456,0.2980792390096524,84.37264781783641,4.840226045945281,0.6488153153538363,-0.032167278770271195,0.923416219834097,0.011261968482707581,0.8844784255965972,-27.49716219679715,-30.405440041287754,1.7431900940484026,18.413095954461514,13.212349391849571
41.969952910634206,28.89443289341252,1.0772767007125075,0.593403496963214,91.13257484205427,13.931749340405075,5.571468084117867,0.002580603551983961,1.0588226407091546,0.024179134075445023,0.9542082384175067,-29.710341608212083,-38.08966758435143,1.8567611035100695,20.444463912027167,12.7209130788732
38.11320351635027,34.277192483506774,0.6542167083069843,0.39975025921167573,75.96317809810188,10.130290110634805,15.842095355708253,-0.0016393204038551092,1.2226731339560992,-0.009980945762384869,1.3891044953383056,-27.513628721785153,-32.0556876203577,1.815316227644419,20.656682775730946,13.085380031996714
36.041123131856004,31.023061908594517,0.8975664261639498,0.594448594558645,115.33994600684258,14.399116714063675,12.02885261241164,-0.017944288862445316,0.9291508608861052,0.012473321425507174,1.333114629718173,-27.13782438853972,-33.42178299065542,1.8200724082460193,19.47081565624239,12.92254742199131
41.090247111186834,13.35294970866336,1.1068760996032017,0.6355697764585082,95.54314009901442,7.71093185893099,14.217093953000258,-0.000134970014391091,0.9260264931720337,0.0056837940376686345,0.84212494846599,-29.338737086851655,-36.51917155094186,1.858498652109948,19.29833191326073,12.831351750953186
32.22499723411424,13.538598962020423,1.2244113235869396,0.47682794935991285,100.01022344581216,9.696516691412205,15.366909302730848,-0.009759282058708144,0.8578753776101065,0.031243212285052075,0.9135429860966919,-24.996096587679787,-32.42221015378292,1.823144117945463,18.527002857646274,12.793613016001457
39.70335537445462,6.9808867957435226,1.10033849993584,0.42783389195204136,71.92896395253427,13.771878524083647,12.42180769995515,0.08460826094735029,1.118336337036316,0.008027218696941531,1.1685029143240477,-30.40270289280871,-40.48796782370487,1.9545488472886716,19.778426871182976,12.497549567499924
35.83893660995116,25.029152734361112,0.9556748464122791,0.3469159923951477,56.7178464115588,12.510242511802824,10.611862472009632,0.025697660648105605,0.8566934775610284,-0.03838113501106998,0.9957221689066895,-27.061363746996804,-30.428414194718414,1.8437719488281956,19.12783081186573,13.174349262106732
35.165288246620484,26.446213265685707,0.9737133120875728,0.49926194783448286,76.54289972427277,11.318650376294778,10.135551913909715,-0.006819298235467586,0.8483438406948087,-0.016033342527274518,1.256118382186541,-26.387593636457773,-30.506971438291007,1.8193563369543244,18.87075941935246,13.110980961057168
40.691405480171724,28.650286005177403,0.9191920526859958,0.4489314363582232,89.65562482873852,14.82169443533777,9.533463689565629,0.013177139297906416,1.2254090276832124,0.03924169101598728,1.062916054610851,-30.137586350698406,-39.43626369027648,1.8578789793671757,21.00342904121439,12.62458965284388
47.34569937015537,25.974027910637957,1.3071237267246416,0.39275732285051895,73.91812208737241,3.308659760251602,4.2612644529485255,0.05106318455183445,1.1434838867397852,-0.03559992305974347,1.1445233455910664,-31.266811401992726,-37.62779972364579,1.9078290743533144,21.004966192042186,12.932601991661757
43.71917894604986,24.366309499538783,1.1218334578653122,0.41219852971607207,35.0,17.350872237095427,7.636098229289948,0.005482491061590671,0.8014106684852682,0.029832097427383696,1.1264319772883002,-31.783778804557695,-38.274658283860504,1.7988853262275835,18.326127396496727,12.888409024754914
33.542075087261416,10.27054315183215,1.1158367932141058,0.3940654289494894,107.54961284898384,35.4419177153654,11.42359349848286,-0.006570482356084222,1.0273135364331205,-0.0047336246317780445,1.3756438927722177,-35.63150487967097,-39.56826788318307,1.7949901477106756,18.325515521202018,13.124523995545397
43.50170971016379,22.563211563442152,1.3751745872648862,0.45029567429281625,89.49954015997126,24.122885009075205,10.811374325916045,-0.022126782474627748,1.0231468705669589,-0.006011855663982856,0.9159634537951729,-32.57381858252978,-36.44387388300548,1.794573635921378,19.572098001034888,13.134484063758618
37.09348556283307,8.526179916930715,1.2029127439874443,0.582930768482081,46.50520136452594,16.519894348859598,15.468347673891817,-0.06958263719746428,1.0338227851063917,-0.013428035511022176,0.987613677053472,-28.851746535897682,-29.11678300330734,1.6954566440506131,17.893869140025245,13.56364868595026
33.50028194074622,38.6578913135334,1.0407638464016113,0.49501847515865927,117.17160604273194,13.587142692048886,7.077582510605896,-0.05722749546746905,1.159358161151106,-0.044895430341596584,1.0597844360904798,-25.641506130334108,-25.487482658010663,1.7431077643164963,19.919626467113602,13.595546875696353
41.568946720965975,36.5049225624271,1.3619682371873625,0.6080675354223175,142.4077268173446,11.193558431422558,9.93134190370379,-0.07138485832514607,0.8352146541991354,0.014444638310217505,0.9159599637091035,-28.56697231509937,-31.12052155940258,1.7298529995722551,18.491856432976174,13.242362942786993
35.68442180059183,12.208823069136123,1.1187602451776748,0.494927154039622,98.2486021442315,4.397469291105975,5.549521360366711,0.05049648099316176,0.9241123178963933,0.014643981070440426,1.0004739373770577,-26.64145550889726,-36.44344567020805,1.9320247769709518,19.514727347057452,12.529134580638027
47.78021729386503,5.291384733392496,0.6977165878029041,0.4473753556545745,97.65521442141002,14.527345776166385,9.913044888982608,0.10435830898156143,1.1073621092611299,0.024740660465200022,0.977108426571482,-33.508001971633014,-45.78007215537355,2.0206157764747665,20.56570479390096,12.190889859307473
34.78011446701724,29.473813424856456,0.8967093063159786,0.41651898340632654,100.16778239127704,4.882066436541473,10.712848123777402,0.028658938772732276,0.6,-0.004191208482433334,0.7419674769419925,-25.54298651989667,-32.92175564146741,1.8895622571048005,17.88346251345912,12.788384366186463
32.98895673112787,24.19510107570709,1.4771137460084587,0.8792664287415435,142.2883391071905,5.452223208988974,3.4705810842175477,-0.06578770234709563,1.0932830708075343,-0.0028636403726440443,0.8190946114286778,-24.264071141013183,-26.313811676382777,1.749753752194052,19.603972803230103,13.28062514703666
33.54523992733411,13.293520000420216,0.9216413254410275,0.41117082590746107,118.60026798055009,7.498735040956167,11.27073270945491,0.0712720556304357,1.1390671066814653,0.023056496866409894,1.1401732085547527,-26.088622724738656,-37.0873853276837,1.9583843491714557,20.71696725537092,12.393257920662688
31.882863339490896,11.491395984049,1.3468823745103196,0.5251209342681047,128.61958698251223,18.16683828816019,1.1390060645153381,-0.036235509799612646,0.932569635896454,0.0013838342349061774,1.1888538274747789,-27.29971902248265,-30.883589336195087,1.7758839400226152,18.17525143667865,13.154570832666076
34.33361272706731,20.567824610203225,1.0951881983768845,0.5989893057412734,80.63520274085711,1.6797032610654408,6.384164338442013,-0.021761486684026676,0.8919883736411371,-0.010175970598288842,1.00143821123295,-25.12533412752957,-29.185769107987873,1.8071335498863292,18.942097643981693,13.11626374587106
40.261956889420425,22.132697988903875,1.2980496276681057,0.30689001023792817,108.10984008991282,9.772542117803143,6.2259949738039815,0.004137304076516665,0.8043300181404355,-0.011558316011165111,0.8310092179947028,-28.677764290330053,-33.30274038995665,1.8234843983518445,18.680718209484784,13.066452976479571
43.50486169685673,27.774064954055433,1.4108244761718136,0.5463692703103804,102.87135356653951,6.951477984472992,2.2806530811386976,0.004106615819114756,1.3401782791383283,0.0039014291948263795,0.8146599315318261,-29.52474867235685,-36.95785276879728,1.8603595882005708,21.46787267875883,12.836312369249159
43.97492599352356,27.072817284554386,1.1014640957670214,0.4491570381356938,117.43294209141045,3.0226667880480145,21.54983259732284,-0.03668747459492247,1.2995436545372208,0.019477052460236965,1.0280736666107066,-29.761569468349258,-34.821778453566864,1.7748217067515093,20.44092029964485,13.041218416469853
40.408819761816275,40.3215917197938,1.0942298226201688,0.4857168443712821,82.69850382833606,7.53019685102277,8.801930512924667,0.12,0.8516711692265211,0.027528608410679136,0.973120208307287,-28.61135573453422,-41.75940849978696,2.0592230128446602,21.204938800869,12.059675140191233
40.70593126305659,24.820874654961035,0.9685987315526037,0.5558886094746576,99.17715464054677,6.429108019260659,5.150634963876513,0.02851345828574893,1.004041149662148,0.007486875892411379,1.1397735374888005,-28.578719721139635,-37.31043411672551,1.8999756985330183,20.352178901169548,12.67916168247958
34.312171004305604,22.182082704107955,1.3681483619221968,0.3888302451685399,97.33894441660689,10.474772752481215,9.163516561822988,-0.023795948925750834,1.1211173044497733,0.02354839543356602,1.2213792009788176,-25.95630752028049,-31.363942961506133,1.7777707585957772,19.60641525556752,13.004456060577118
36.84715317570732,26.088177194179213,0.9198292736199349,0.4866908686678182,94.90342369088478,4.313592430688137,7.3581959774343115,0.041474791333791436,1.125820117775881,0.004771957116265948,0.9966495351011744,-26.609811261134183,-35.81707474826953,1.9175090102274903,21.13564416725225,12.638100433197991
43.475991594759336,8.020770038124724,0.8278311755268767,0.3791095779400524,50.96846880509471,18.90664098488796,13.386612876108925,-0.05070070623356942,1.2505052065799063,-0.014208836309989427,0.881485317968517,-32.78941482088713,-32.873857019314535,1.7040714818580793,18.743322840017857,13.534677033949901
38.69022070990859,31.191984306042844,0.8894889250022777,0.6733311431730036,105.61851423283635,15.598646094036228,26.772443106492776,0.017055057467714515,0.7866423989530759,-0.01569989316630009,0.7621406015388601,-28.260302171425046,-35.322884648477284,1.8946168260670102,19.461142739782783,12.845759908900606
39.36011198856793,14.389234755113392,1.0545301369859765,0.39146182992734274,115.32015969993932,13.217886559902773,2.5840370818926033,-0.040477386269614,1.2691025247469896,0.026020404070438846,1.257626918878722,-29.10995836370379,-33.33353088444411,1.7464943252650231,19.38522189532734,13.104566938884867
36.99149507968731,29.422830503382663,0.7185645530933007,0.6122930928461577,115.02091178391748,15.971883256700803,1.2170565667748532,0.014987470160888423,0.7260401376139594,0.012323103057376168,0.9225038868851254,-28.169393531802495,-36.55106010459254,1.8869329915011421,18.892781566677254,12.692478857845643
35.17157956073792,30.856409424750357,0.6137217225346961,0.4568739352295059,121.19562940399479,11.086347454168099,10.836709818802069,-0.053150560582032436,1.055518463675128,0.005372006731923204,1.4714843638158366,-26.375925419206936,-28.777611094273716,1.7427249481822447,19.35413855793253,13.25276335604701
31.558159351134215,22.13745902495033,1.0001926154205545,0.6470758228558537,120.22019020839946,7.664651865366278,10.914772026837191,0.09987654289044191,1.148197751052103,-0.018952547154732997,1.1274648822963482,-25.00744252505617,-36.276033598925856,2.0434257769826147,22.11642559635248,12.38967232999281
47.12904112694778,34.309857597254165,0.8926606689912355,0.6616237523674955,112.78340106177572,9.199289172604276,3.608982838931987,0.05977084181493513,1.0124703601178677,0.016681909520738475,1.2753345257297872,-31.373864145297215,-42.43724523730528,1.9695542271403925,21.217085744707337,12.396747129011146
36.13023756622027,15.453431903820686,0.851952822180682,0.5223907800172993,49.14109298305015,23.90019803380183,6.472140610553353,-0.031309281686368894,0.9246439029824494,-0.005104842927586974,1.1921659540444205,-31.49199081529523,-33.72920686328063,1.7562047916964916,18.173511576017646,13.271133699055497
39.09089640875693,30.893556618676385,1.2107446925664536,0.5004256648779188,141.71932162112407,9.925261586286034,7.434227449053811,-0.06407002834830126,1.079293613626732,-0.0044671366979517225,0.9807605416380434,-27.59630414111882,-28.882972870497024,1.7354206142876172,19.48739968468309,13.346091108785666
44.218769911287346,33.66581574876235,0.724826310646245,0.4052394216272017,88.92199090181057,16.231980027074126,5.950584501981494,0.032274799843616836,0.8242002031790673,-0.0038481912012172776,1.125087523809226,-31.14492290087596,-38.6772933920882,1.8860178990889505,19.542895945078413,12.798191162167692
33.47648902006854,15.264806412543322,0.733163676273438,0.369694624212518,123.85856367126102,10.85439788373984,13.788786386906816,-0.04232914899577739,0.8706585892377732,0.016042456117172497,1.1789998952152896,-25.834945626877435,-29.21742833271633,1.7457096257467917,17.89378409120387,13.17171516490754
47.03710088535432,15.65088782477904,1.1928324488065218,0.6182211308582245,75.25607066452969,13.221774629733812,8.435721190385312,-0.03548206836070424,1.0145354602204244,-0.01782437273665263,1.3393043280062806,-32.57307655155449,-34.40147201177333,1.7701334600864276,18.700312828071908,13.304136117333595
41.77968111501001,14.89588465834511,0.9544731389453998,0.4137473522402907,145.3745741742236,8.220331099185465,7.088414117960699,-0.12,1.2579053401877986,0.010917089907672197,1.149989599121208,-28.851689170090612,-29.801176823058924,1.615927292896328,18.327570647865613,13.72510211828037
46.032611105524865,20.035543605797915,1.2136611982227494,0.5527860740932574,116.59102171483943,13.589448669579035,1.452465972553501,-0.04951893981557651,0.9503951602635954,0.001402286789482341,1.296759011058999,-31.482868507927947,-34.12497508985765,1.7544520843967564,18.609429116260817,13.234551140513451
44.697599302384525,18.913040133095627,0.764209672899657,0.3310424192236308,65.58274090881096,8.931813911032588,11.178995344981924,-0.040341272650431644,1.1525914585294186,-0.015533918824799908,1.3491812085564439,-30.491005452129695,-30.637501539616785,1.7146719534098562,18.86881711084162,13.501852550108401
44.65635352392164,18.191366998768274,0.8774863852527267,0.402035166235796,78.90194984499094,13.262768231297894,12.907444243725447,0.0014441921239186596,0.8976446463272711,-0.04598584952418713,1.1888876016003143,-31.21391415051475,-32.79301358660605,1.8162070053528838,18.68224831035788,13.326747837875262
36.36738571189434,30.708509966023467,0.8464754342900221,0.3070174237297245,107.88724019020593,5.6745861787288385,13.1056613018016,-0.03794429322751342,0.8447136250688724,0.006520181770854932,1.1224240036124802,-26.38338619652764,-28.969747054761118,1.7441708250583292,18.438520106020366,13.239711118988335
38.83032667370563,42.701637559587,0.7244324783991711,0.32954119214428024,84.21292589727504,13.020247038767153,16.748619241337174,-0.06372300998457524,0.7408598005840503,0.01953778291229966,0.7954963641428349,-27.734018632702018,-29.353942574261925,1.6982068572457452,17.799890441729065,13.331754394153492
42.35934693075339,15.319408515948147,0.9547898734729438,0.5237162751012031,84.74586204207863,12.822670927825975,0.2379856489201977,0.021752473644359605,0.9493605367837632,0.006593881374039863,1.087645084637655,-30.350289321777446,-38.17420342367718,1.876371824729214,19.38630097222264,12.76431952311851
38.297834321216314,18.80073079424183,0.9312471748565521,0.3674433242785752,89.16805241209597,16.257360266079417,10.425410242387994,0.014836256204905092,1.1058189450112248,0.011931473109887552,1.0157284549944623,-29.014256258140804,-36.186764178745406,1.8436665747029886,20.064256987352245,12.843030648046748
35.344676521758906,25.0319755516077,0.8430453148388766,0.6225565019062922,100.41138909854378,13.303124625066921,0.2829165604888022,-0.07626666799156295,1.128391670766171,0.01196870579529022,1.0782734561684073,-26.601299859326765,-28.151302958925072,1.7127888947806127,19.285256263639397,13.324434959530022
38.32334426829334,39.12271646448237,0.846623594115706,0.3137790202797614,114.72255656330894,13.587954466929615,15.302271858475674,0.04980005052158862,0.8876152829449626,-0.017365224620988776,0.8847536808650399,-29.172156584147313,-36.79100953911328,1.9113546400839683,20.271099688620282,12.800223692316957
40.58903560997949,8.248733382141868,1.1815891541270132,0.4030924292514747,103.53940697183457,27.311002757729185,13.144077252206554,0.06327097199125202,1.032932219465185,-0.03932780050935955,1.1447329563738455,-36.13292699106425,-42.843220770422505,1.930699924282555,19.431262588936796,12.880693923875727
39.61808810350373,22.583498849904608,0.9131273893670666,0.49101422401266664,116.960906671814,6.662247651635838,2.626965206727702,0.013776651405248204,0.8945350427401634,0.007414118053773645,0.9653442135429433,-27.949849307690574,-35.752193940601664,1.87320772318487,19.582660276440574,12.769893505804506
44.915896134403845,29.935224643169665,1.1782796625315979,0.5344398179454303,84.22085350864612,4.597366238474412,5.33204076337471,-0.00431775274359801,0.8367955796916108,0.014650655932803293,0.7279727421764546,-29.861743764695575,-36.94640821440454,1.8391500324535175,19.322129912670032,12.841548961187419
44.10348981188566,24.59282080042608,1.2439995414806748,0.4877603965805595,96.87254529153724,8.862200054354444,10.502512123536361,0.012110058622136943,1.198377313648863,0.026645734360944397,0.9263394189079233,-30.30669873839066,-39.15131627063551,1.8652053716594534,20.934876407454187,12.676828923767093
45.86719490857004,10.147926581405322,1.0309389481834834,0.551690580248217,81.53902471229637,14.861990412600742,16.728296265408652,0.047074306508329694,0.7776093000063106,-0.02897015597249804,0.9639871023885587,-33.46469367098446,-40.60016687477965,1.9275343030956569,18.3685373255893,12.822328970605309
39.66851452063799,35.48766426784772,0.8632174619631496,0.6943823239946271,75.7026687482215,15.287988483871555,1.2373493616696507,0.018036521250580844,1.0844522599342794,-0.00912000308249476,1.0862555192591714,-29.205498894260305,-36.6587844375449,1.887675491724573,20.910282721543787,12.826556025440725
34.82349590635377,6.458607619289759,0.8085378622204751,0.43086563040870585,109.69363232285704,17.23079280229129,17.32876860776276,0.047700339672733155,0.8761582335677117,0.02998623416386502,1.024097520433071,-28.56139776858739,-38.468380819686175,1.9156659439492447,18.432858616461093,12.488453533796497
42.89804084135256,26.720735569150417,1.0626339254003652,0.3716429198715019,130.77517370414546,11.83429298850153,19.151498254048818,-0.015558556003713834,1.118306531844041,0.019277199327867964,0.8843825361470994,-30.265537759320928,-36.62210322018871,1.807506946353638,20.201270731048325,12.92403482419649
40.085532376668866,30.402562978375034,1.1353324462011647,0.5596170279986079,136.85840556654875,16.59036393804444,8.662349341845493,-0.034863622569238556,1.0377806546976969,0.027894429699870583,1.0704035841489066,-29.8852665119254,-36.19816561617257,1.7924831668844279,19.799781303979724,12.923568899191698
35.68794522390429,35.363147541519695,0.9503830135234598,0.562711868796171,114.18263417538834,13.08811646953115,7.0152399594681185,0.08284461928408762,1.1764626311995068,-0.015079359073847269,1.2208874846546633,-27.162984207207863,-37.816229459274446,2.0063289732050844,22.279327734742772,12.479080027941015
48.70173245552114,22.67734800243412,0.909824849870736,0.3994303349542826,102.42112616009572,22.0778805186101,0.9914185164747362,0.00860306011448969,1.1573245539240644,0.0028048376794925843,1.103023709115798,-34.329805418360046,-40.943311235862545,1.8434044174712885,20.41159984374772,12.902258522993058
42.08524412121719,11.474563578538145,0.8644958607705282,0.6302050654340805,99.55522390638733,6.412302579688737,3.731485568848383,0.013751804154937639,1.1288330914789924,-0.023038163216854885,1.3092255302355398,-29.750093789100262,-35.29689870440966,1.86590214685462,19.683708618594466,12.99274844262212
37.307556103970825,29.264446223468347,0.8082262501596456,0.4812604793602044,90.82372648372055,6.418816485012594,16.905313046317403,0.052409249939434834,1.043261512445825,0.025389007715168582,0.9501767607222998,-26.83512706855212,-37.50610495451763,1.9366845422620504,21.05948206890582,12.4483127205672
40.302047251613544,15.563750771301578,0.9171033908489132,0.5332017808994343,77.76102680517218,6.577407981436407,27.431148760291425,0.02343555396434045,1.0576810352601964,0.029320471901645766,0.9045821677027748,-28.557132074499513,-37.94338895533749,1.8840270052142862,20.169231161978786,12.59694968658733
41.272103789313036,38.14745392326215,1.2300841456631013,0.5370978611092844,73.59491438293,18.353438425076135,4.596473332211913,0.07677866710884307,1.2600996756365603,0.043910847900912715,1.0073205807804673,-30.875743703564616,-43.46583331628676,1.9821049845819005,22.460855861140864,12.19520849458704
45.788195423775555,17.07621975549553,0.7986462901212604,0.5261874981123034,97.92256162652842,10.448554770880293,5.064612836830452,-0.015295755329318934,0.7522228949775445,-0.0036142953608769056,1.2194962744816182,-31.35767840004666,-35.974261163874914,1.8103093307967346,17.725570838418665,13.061532122155876
43.08984481825349,13.732322528325945,1.381722022277643,0.48909075048844003,100.11094631634909,12.697484425650062,2.1317197292072105,-0.061490882761064125,1.3719880420823327,0.007931157249197223,0.7895425953944595,-30.14816476440176,-32.31568479845696,1.7337697533168062,19.941344779644165,13.27006699698249
35.48040824930448,23.00843714380328,1.1336316694624955,0.4748759822043222,88.4797210853838,7.547468362984478,5.848600554166071,0.011328296794545778,1.149285054769983,-0.04218096925529752,1.1640222894828813,-26.255764239060404,-29.79893826464865,1.8541656172732153,20.468471291859068,13.16340577808847
40.24204863476258,30.248068611370808,1.377543776439192,0.4531721927884126,101.97651404592908,13.774171011715056,13.901781345517124,-0.00973126378204876,0.929014130733059,0.02598136369378866,0.7262199490245913,-28.810418888197297,-36.16111500428215,1.8250686785343517,19.701160258240947,12.819613144199199
37.033482995302,22.515388670384354,0.8893956384367252,0.48271747832815987,67.13648462509522,9.271204304223014,9.419344189879169,0.03897508949077103,0.9510222337113976,-0.01801882226927033,1.3291718810871511,-27.559134915358953,-34.42836407940719,1.8922223699777274,19.74574686148511,12.869053128119015
39.03552300602507,20.648512306644513,0.5845403215787706,0.5041024021258684,68.64646215562644,7.740970699322396,20.069069269801552,0.017693545169753865,0.8187356595497323,-0.009917199690942253,0.8266217182717128,-28.00068357932,-34.498907252571406,1.8682136586692977,19.179343575664316,12.898381922064024
31.982337213979275,6.904040141563419,1.4459609551795134,0.3985604693297973,79.10976078765603,10.81024525345618,8.889915549269993,0.028942345897705224,0.8227275324302398,-0.019166236663935285,1.1761854460899812,-26.308667587942868,-31.368415109336425,1.8514626425055598,17.311238389619433,13.017544811591474
45.348807638411294,42.80653266088194,1.3213043126985042,0.3637889585098934,66.3655396639856,6.608133401879863,1.3920392831935482,0.029686729619417047,1.2961780413795696,0.009643269912813836,1.2706248076707787,-30.277205582367603,-38.15561702536026,1.862880619789455,21.460493382151355,12.791096402894176
39.21084049386265,22.594528679065697,0.7885657057439275,0.5126431827704357,72.48222818663434,9.502951753931615,11.787173035979404,-0.02131538660758491,1.0165719626406056,0.017196304030227063,1.149749856115179,-28.100162670715342,-33.65568642644898,1.7930127735436685,19.406722698053542,12.98943267369753
42.14368448287132,22.440295967957113,1.1146142806163066,0.6102313088647179,73.13137639595749,7.624036405348469,0.7988793147640392,0.003272878361056777,1.0110229495140013,0.041767874767616196,1.10954711891426,-29.219846539140818,-38.23602341014462,1.8498862825724598,19.88496982139243,12.636484393409326
33.10088583051761,45.37837826709201,1.0075615671385543,0.27847054208467537,114.71356898322355,26.301321092521928,2.7407340043239117,-0.06259889286921407,1.016616885938568,-0.010716140471708322,1.1410969123654835,-29.75431211775229,-29.763407753061344,1.697487689768301,19.058077633039094,13.536939354865531
35.732669211194924,7.572249227073509,1.0533029476363698,0.43217662865841927,82.46507637810373,12.767016301231601,11.9813759548168,-0.0906934333901011,0.9444000727493811,0.005040507872379401,1.0510463791698974,-27.921852408776374,-28.495008252446688,1.6519742839683664,16.97317998771767,13.61415959536905
39.20023483719024,20.79283750215599,1.042916573481127,0.5464453274520477,88.84346985219037,26.346820487838407,2.9085363485730724,-0.04217661675443846,0.9648500448218429,0.001405377638105156,1.000031140969074,-32.87947070332616,-36.09138900364425,1.7671447966458276,18.98711682390914,13.186915824634704
37.276920135855356,24.84947574462892,1.0395300444509386,0.47860868299530074,99.28939342798348,19.84586776525938,8.567751231880024,-0.03562849459089001,0.9771672305274557,0.023650509667880844,0.7128557817542797,-29.01377514393093,-34.523425602977774,1.7804799639655164,19.44447927976412,12.99391025294786
42.72363226237116,14.208148446062467,0.9443384705133405,0.6499832017065126,89.55639020082913,8.936696618173318,2.531913918493962,0.012241437606444467,0.9353932685074817,-0.008843958603694052,0.9143828083019464,-29.784973672029942,-36.74686230296593,1.8784602414791052,19.477538163317586,12.856188804476535
31.633746719086695,17.24468759378358,0.909312542229771,0.5379930778442207,110.66287794823431,26.12808822839956,14.288775333756005,0.03892900655285786,0.9739828662352286,0.004500818015412985,1.2173529655004622,-30.058853754295125,-38.97648995129362,1.9150384406965326,19.865958311331774,12.647956590609985
40.81129967484219,14.595258139607282,1.0178978725541075,0.4181553600179208,102.80435931057148,29.506821279818247,9.648615390753083,-0.016053120681802768,1.1364480218644084,0.01671817472905596,1.0046723283232608,-34.04282224705868,-39.89262224675974,1.8006795370338828,19.627895257242702,12.964797971527245
41.310560746891376,6.931682727366639,1.187364388048854,0.6047445615207147,102.44362900861013,10.575530905425154,16.92290775423028,0.008865612871860034,0.8622872028340721,-0.01868881497418296,1.0407939528214896,-29.962499762985093,-35.59844592542824,1.8641626782301657,18.137990680178174,12.96997033712725
38.88934442745886,26.135167744945907,1.2827204825695668,0.4988416904197778,128.77350656802014,13.12635941924551,5.972123677982937,-0.041388066536590606,0.8324376908390754,0.004348208212406904,1.3492956402544718,-28.264110968139768,-31.788613710125126,1.7691875813060303,18.366151944589607,13.159978086185632
39.453076814370206,9.82323384194282,0.749081762929868,0.28231931471718985,100.97825036970785,10.588812576153753,12.912367763318695,0.018962916168021433,1.1781308986142822,-0.010597281865883738,1.0806399283623356,-29.76883294864117,-34.560302546379305,1.8243498849751336,19.456512682488302,13.057007253321403
36.36956608268256,26.15326863217601,0.7589171804462479,0.329324846059107,89.47677428624104,16.39715471680985,16.820482281114053,-0.04260924935284359,1.1351912660047427,0.003239550563610083,0.7456787501048053,-27.726645009733932,-29.757129693347807,1.738774235922958,19.679672661703478,13.281904127368826
38.9476403878518,24.090435663487597,1.1193718383025524,0.4534694623178607,91.24561521539023,17.742073084462504,10.154427188878625,-0.027069636009579,1.0529378276299886,-0.002392968580198876,1.176189349127843,-29.272367877354224,-32.86584882065564,1.7820257454445885,19.50313576440181,13.156716720944582
31.925787039687776,5.873215185946076,1.105796929538046,0.503113333632106,92.98533351436102,22.958082896615608,11.847785056442492,0.011013616672119949,0.7988164447190571,0.011641831248632786,0.9363758934746498,-30.80441388217258,-38.118546309387604,1.8590395100569788,17.646585045936384,12.791649834022147
47.7059870317958,11.780440639773829,1.263078605521215,0.5504062959125342,86.31602760287484,14.83399162238488,2.854872208111253,-0.024308225528414187,0.9692698257528254,-0.0177223283854951,1.0925330150621875,-32.88315715811894,-35.72454726352215,1.7931481875517494,18.586591594999934,13.21779569919147
33.95756992820695,18.227253588272113,0.9712239781725048,0.4154199783322892,109.2438117443209,24.507172279645147,17.05506217739611,-0.08161048118730205,0.9962299966151204,0.041234371486244585,0.9294112571911184,-31.896052612319934,-34.46423467635817,1.6855634251071994,18.35547704855887,13.241508520718998
39.55107587288768,42.017285392986075,0.7760881987806708,0.6303681037727716,73.13699696409006,10.880043599859937,10.187413280929405,0.013740100318519508,0.9138933749834942,0.004763293173437692,1.0323800273913974,-28.30810056251432,-36.0951068662331,1.8750837487997265,20.131079593742932,12.780329371418429
33.02857694277117,17.623589834651135,0.9715301564500657,0.4120915532597377,132.4593234099996,15.767268295308286,7.30010626208933,0.03101925465952622,0.9142310017564295,-0.007490161209701357,1.298882033910107,-27.37496884846646,-34.68513868113373,1.887374635454004,19.24350339122869,12.817041612386296
32.51686241212951,9.954392330557337,0.9776305375753858,0.4247743911258285,64.56857650826296,11.483416648912513,15.304211529083048,-0.033023614021271595,0.8947583184180544,-0.019779667990054886,1.202457410462127,-26.256625733883826,-27.10370861870484,1.7402674207470106,17.347854989849456,13.431187550103303
35.4553886968898,22.6727397190871,1.1106226513034612,0.4564856861614768,114.59004108406776,2.945634108351488,8.197352882360114,-0.04745286078215775,0.8800620940084476,0.015493934426639941,1.0103922115454134,-25.59327389026833,-29.336722259651875,1.7546380698932325,18.536239854056927,13.141708234077678
37.95427761132817,20.2286702304318,1.2846276632729514,0.548172800761542,128.32109683898736,15.834695906301597,23.7668931011471,0.06102737783304807,1.128121556122525,-0.011419418038366389,1.1058716419132149,-29.349255756396424,-39.0132064321726,1.9652368938347677,21.28318601056332,12.58550856678061
38.33798313199326,16.998723328666514,1.080325135649137,0.24488348185392383,112.54297006778133,14.069312098799475,22.43646423978315,0.016088096785168624,1.0871472853644073,-0.008945524984583153,0.944830106509616,-29.635429536079023,-34.53973205164185,1.823499914556317,19.718683933353393,13.0491620575022
40.19401210582444,11.17534311054466,0.8132754840107566,0.3995853230685336,55.91084228411336,10.747996195453164,3.1142935331969985,-0.011910047374242477,1.149672523185458,-0.0076792253527988895,0.8587427823067424,-29.28631335596938,-32.593864511750674,1.785305377217516,19.38852657658792,13.17959192125419
34.602022164865424,6.077092524599954,1.0055383087700276,0.4982066836621651,75.80921607088938,9.351169311491514,15.586067298320778,-0.040410203344765326,0.8161118172549525,0.014929652312963995,0.8938711964932363,-27.059878830475697,-30.917793989545682,1.759187496750715,17.158805467532705,13.128352416785308
30.88165659944545,8.826814538103415,0.6159440005443629,0.528079894365637,124.34755919395701,5.843683218697897,16.023406060932224,0.007374171865717737,0.9866713637565327,-0.05157610408200368,0.9936160644603133,-24.440948732966582,-27.551480455838654,1.863459259664527,19.28500351747122,13.19541540382034
40.423668713393276,9.76985841291344,0.8860146060683829,0.6404819870880923,118.50918490847052,22.646908121738303,4.749177335651393,-0.026812834962616907,1.136702876269144,-0.011580719769660415,0.9984150644445977,-31.946870719483663,-35.940585348136736,1.8075867791761746,19.461366036802325,13.12393526566736
48.47939685037347,6.3011863576498355,1.1150359882008616,0.47312268516858136,73.98135854349214,14.741253994920307,4.308522332106168,0.05313226820524054,0.810123398124171,0.013689919201579366,1.330271684533542,-34.55579393572104,-42.984359243505395,1.8962382866793082,17.204235357472257,12.652759186097438
35.42457189374477,7.499168303577369,1.2227156531823045,0.4238985232912936,47.046925470349855,8.579626677682983,9.745917429996993,0.0035330835650809363,0.9411435863193393,0.014225867258952253,1.3990941333445548,-27.92460715579878,-32.34293873169577,1.7743171261971709,17.158755443586077,13.076794475896843
41.89081709733249,24.02423744894597,0.938563820837228,0.402869030669085,97.79673329241096,18.251109108392328,2.820488805810222,-0.07166193057178437,1.0395352929207224,-0.002562948219499681,0.8528008355678836,-30.669669595920112,-30.969898864734997,1.7007477808487717,18.900728213479663,13.468572141272796
39.37625843671809,24.312021839230752,1.040949004117569,0.5890080274026708,91.25992791474287,2.8253291228315973,5.602378597336543,0.04255400391287159,0.9824514616421054,0.015476922180814012,0.9905180868234157,-27.671285490979738,-37.62757415423457,1.929367809377796,20.551022844655282,12.532615582956424
38.210795371956294,22.31265972776047,1.1428816239932633,0.4887800129019874,95.38499123133819,13.160637123638088,15.400121049416022,-0.08486638166963642,1.0180380882344622,-0.022409141330746053,0.8725989402666072,-28.663507470385884,-29.06541411750784,1.6869447536293662,18.653160619826224,13.660143632070492
46.694094144577065,36.11574939504747,1.0996083379753725,0.5876377488517031,105.32534334463614,8.789553155017577,13.387637912468392,0.027809886824577346,1.054259984086393,0.0028159129853784926,1.217304665488219,-31.27101423706948,-39.97015332608663,1.9046603406062048,20.908406641348037,12.693017648163734
35.824117650585016,12.25589799243135,0.5763150546480607,0.6253655821338219,128.54231099403674,21.749275910553635,7.117218252794874,-0.022367932272810982,0.8949939003138421,0.013799658217285663,1.0421729740986627,-29.635244872447668,-35.77638258191983,1.816279817449997,18.710346333181583,12.92756746742495
34.01865047224843,18.551525790463728,0.9964443425713505,0.5253632493444885,142.6000257137651,10.998299183168642,0.5701844746110254,0.057185669511605655,1.120319701754787,0.01007080059956008,1.1759574319767978,-26.48327643995024,-36.91990087848768,1.9561430512361593,21.03326480330969,12.479812138091235
34.682516738221246,31.34840889351607,1.1827813293090346,0.4289050300169881,74.67400820819657,14.893979109283864,3.263236551799558,-0.12,0.9415222415209636,0.012407281949465387,0.9856338736634709,-26.405926176241312,-27.69418888384703,1.6067601543829013,17.81038535270801,13.754066031761711
39.41270276564873,19.84119534001455,0.898043067704626,0.6185495889764053,129.60246546932416,9.282802970294979,10.155331372917704,-0.06595915779791876,0.8672458943541197,-0.018443785451745714,1.0936746218980282,-28.265947638895682,-28.87635044789458,1.7351248152818162,18.181249883226073,13.44192019732522
35.43543088817655,21.515844254085916,1.2696852972693493,0.2670180990675579,99.27698286601816,5.477746836819004,3.424328757457351,0.08569650128752294,0.8656304061797845,0.020761158102522742,1.0227626270367947,-26.41794329635112,-36.98337052513703,1.9507818100605712,19.78904928418407,12.431337149333286
47.81063405922173,23.347937110081705,1.203910861734225,0.6595068796726927,83.09415222387898,9.555143789413428,1.439210605934914,0.03195231835589647,1.0526868741829454,0.02227871264303327,0.9267198072420961,-31.71726290774815,-41.651510027178524,1.9141938845153366,20.766211714271844,12.54026288600458
41.25969352222071,18.115310107662612,0.7956785256704647,0.4040490032639571,113.02392541397852,8.588969273255715,19.418550275377054,-0.026218550062790075,0.989579819046574,0.017346652352087065,1.2884554503872616,-29.746737052862876,-34.5976883868373,1.7768383675456163,18.812759011137754,13.047455366428967
40.038912433943004,37.16681467007012,0.967109496678926,0.5138814190308068,65.15421632881647,10.034533600389395,1.2106160345629604,0.07778292833183731,0.7243679097103792,-0.011294148806328294,1.0912878746939585,-28.595210188596887,-38.245937260545034,1.9759655981383262,19.58171487231965,12.550499767553976
40.81074081525084,11.954866919013007,1.2747826026376465,0.4738267238657391,108.91674870192587,5.780792126967682,10.623081458960492,0.043246846859724075,0.9127749876703428,0.0008216242755946426,1.418228219585622,-29.452287713712366,-37.58578928523232,1.901158527812004,18.683872815773437,12.717353857127035
35.65761330561604,43.85221321895474,1.3608397577910627,0.27907736170843733,87.02949954480952,9.785908630305958,8.53761209807551,0.07004880863521079,0.8469149204338894,-0.027295279644643827,0.8646182941435161,-26.563678792837155,-34.1000141803229,1.9284480127850332,20.233573322827617,12.808249598454259
38.415935465955904,32.0754445584147,0.7729495939462373,0.4722633400888106,114.970558830877,7.5852156206516685,5.074423363802975,-0.12,1.1753383713013112,-0.014028552928450547,1.3455106669534134,-26.92460588238841,-29.448652765034304,1.6210636552264825,18.66194257618828,13.875609152823476
34.50216755258197,30.69408285751068,1.0575762318604345,0.5211691430208335,103.85904861364502,13.454304613900632,7.78682773616813,-0.10976513633838908,0.9873503281103343,0.017504685491362207,0.8396325656070911,-26.300548986398724,-26.448316384590427,1.647058958462513,18.393641857754083,13.550692186735155
46.79372697028051,8.109621136814397,1.5459179851424036,0.6017161928412907,115.8737887475314,9.886604574400984,16.16119811453222,-0.06340059068140778,1.2829598777354874,-0.02918406771496124,0.9920504620357988,-31.926850497257135,-31.95853652630995,1.7363034909604695,19.23767614590187,13.511482249739696
46.497992999816745,17.151817630485418,1.163932595330961,0.6394125676870865,60.178764305790985,22.219821593211346,4.460726930929061,0.06825195849090256,1.0357423696921575,-0.05059668482264153,1.2616218582148204,-34.071921952288506,-41.10836250144436,1.9593453176263935,20.45187317761287,12.861848749249985
41.07895584384808,28.372981861953942,0.9384350648003803,0.6852039228160317,98.7190311395319,5.426907812359789,0.5644473447284613,0.043295731711041535,1.0827475694269866,0.01309767722603608,0.8764933703542732,-28.47604738479184,-38.75091561127552,1.9416182655871792,21.30466360175626,12.507677577262973
32.13307520172427,12.449171870612851,0.7718222318898641,0.45155124818077275,137.93211379448704,9.569731697934262,8.315323468869456,-0.03679081355914602,0.9103647202576355,-0.010024757834555332,0.8457281986314056,-24.99245402553293,-27.963893637347617,1.7821491334075257,18.562219148418862,13.206875172824594
34.48512285176318,19.141126246734345,0.9403512221700498,0.4431810836643337,83.4365381188069,14.295561553748103,8.785328744017345,-0.015792541967433467,1.1038964160625637,-0.030287796629527502,1.4930151540953227,-27.086596403432797,-28.620378368743125,1.7870404731280771,19.28320827403915,13.325871986501761
39.41861747830045,13.096822675687129,0.693511748747929,0.5661221110666596,84.7004947196035,7.944419535704063,4.4872385419011405,0.01066519164977472,0.9813924259145753,-0.04063231855484316,0.696079584073865,-28.090394955755418,-32.61208856398798,1.8741478101855409,19.887015889499626,13.082471574343497
39.743519121676435,29.074581372165802,1.2428423584103294,0.4229681426411726,128.54932647593557,12.92851235176798,15.938643418378554,0.002641042324556794,1.0611568021177922,0.021867635734490017,0.9323746958260148,-29.39966893708001,-37.363900692223474,1.8480268903178427,20.381636317808606,12.765352045062821
45.10799657018935,34.91604935313734,1.258441917342389,0.5151951279362496,119.13260539139898,15.874864798032672,15.41282769460462,0.026879902188800778,0.9385843128259188,-0.007701702250136507,0.8977521509701796,-31.61300189902995,-39.556416102771124,1.9022729391507627,20.414454896680436,12.768113177629841
35.041562096528956,40.112869960305574,0.6918848482929085,0.4599928444766108,90.29299641327485,11.838308821977536,23.88164717102662,-0.12,1.3065758460696077,-0.026419707684329753,1.2709671307877086,-26.944682039459146,-30.808161634476786,1.6157149695530792,19.079448803406006,13.986723848834558
47.470836311098616,13.639094019644524,0.8903474732427687,0.5480950152393713,115.74171378450458,32.292885075710174,4.448469358662145,0.008994681112190792,0.9469675215473393,0.04296594527160526,0.8463820122708363,-37.2213633516734,-46.84964747334057,1.872686757365944,19.524244633996872,12.552106862849982
38.60469094086621,35.78242104739831,1.1158664334818018,0.678264081674789,128.66585890186502,11.017904090041897,1.7060434412622643,-0.06418846271155108,1.0796234780705445,-0.011400724424753648,1.0859079814323436,-27.499262021112823,-28.606272410461315,1.7436615741400894,19.621197504221005,13.36112476320351
36.38939171667933,38.04961507101758,0.9071145357855537,0.5844007530691302,97.26383267402481,9.21669441858251,0.4295160108318683,0.021526660633977658,0.8783289918261699,-0.0048960657583838945,1.345015894742115,-26.690495652278216,-34.34904632218827,1.8901941026894948,19.92667776958751,12.790774375042579
31.517033215228604,10.283781834226303,1.020585865871804,0.5240861739928132,81.99580214772104,13.408844904650097,3.627527439267409,0.013140729011774589,1.15816794715042,-0.024042247177642577,0.8818067636204949,-25.828176320286417,-31.336201564807787,1.8657036365855,20.122012748449915,13.000121867441662
46.2387024946591,8.37254314030978,0.9829423429108805,0.4670184845120755,122.27790989956677,7.536349989218809,14.733325845212082,-0.05186409351936794,1.3192996924205218,-0.006359961305066139,0.8501106306722087,-31.15487988341385,-33.0495005113061,1.7525842567071441,19.62647542785492,13.293222291198678
38.1572626907779,9.031718087327103,1.3937408980881458,0.45082403265479926,114.99065244617617,7.1184366983316885,12.707760100113104,0.007031171031319051,1.060123976894183,0.0010533228587137732,1.26905167689383,-28.433119025155143,-34.45743825295447,1.8357722277477135,18.85149368064191,12.940357012456774
37.95261221968947,17.931427734803513,0.7195431927760235,0.5655137316147414,37.435585813008736,15.459979002420777,16.74345857257841,-0.012387935601945855,1.104151532542959,0.054787801868475434,0.9667983327295472,-29.318910430075718,-37.34150565153385,1.7953670837688827,19.685010090443285,12.74750183341601
33.09375290324393,6.602516786820472,1.0681927890797906,0.47784485879856653,115.2009745530406,2.7747150133698297,16.642327739418704,0.030800322110351486,1.1761303100587597,0.04105529922600341,1.2014317890056176,-26.05961770533147,-35.88510876194815,1.883531774067431,19.57328309586213,12.527398328581127
37.370549652766364,39.80430321534514,1.1050101544377746,0.5833711679349011,102.96597994313883,1.4545703976194817,2.6603402071796154,0.009988451730794651,0.8953871302933566,0.019951918065128783,0.770724014027373,-26.314768125056172,-34.92975733755215,1.8743683900161205,20.058599212117077,12.687233606188247
40.02909620603925,11.871158676002814,1.054552005776005,0.5512816605561985,117.49874449460927,6.074590722057981,3.7784972913265316,0.01546532898163758,1.0617010522139851,0.004892345884183829,1.0474720965158457,-28.609091111182074,-36.42528980166798,1.8773897207240022,19.78371354610121,12.771657833182065
38.88130477961865,13.661198447337455,1.323558746588801,0.5897872710007916,124.90893997118964,4.271569917839764,2.6725601079286374,0.03919169678084463,0.6,-0.013092153869602774,0.9220012611770805,-27.82507053872844,-35.82926860813486,1.9314806663845132,17.27263184469677,12.705763820079216
38.72171981693847,15.681102514478788,1.192882121208692,0.4257601547068666,123.6843325603579,11.921607238384263,0.6708516976046983,-0.046659979735336754,0.9559742740730224,0.045948672235113355,1.395348458682177,-28.583605759696304,-33.876110698078286,1.740330507257611,18.114551385768923,13.002091220576723
37.78642743644281,22.39897530993677,1.0134618390037675,0.5858718570233061,126.08991809978224,13.853676685979705,9.601817831771783,-0.02795653039590236,0.845392228335853,0.031006710717433834,0.9349136689672632,-27.921104111477483,-34.82508795665864,1.806736837050836,18.822081666156397,12.853046124119224
38.38049300312184,24.637986900581627,1.4949715031819744,0.42280463042648864,114.92105533649344,7.277167226177039,5.248031914750763,0.017881864466330465,1.3245992336597978,0.027296672373655764,1.243077552977157,-27.601148360929884,-36.55774782525877,1.8664162464885061,21.198198201224265,12.66870046665447
45.054119707949255,11.88547083384141,1.06400749465164,0.3698884905534753,79.93267810287114,11.09753506800923,9.344033075286001,0.017579342985762386,0.9094752752207074,-0.002015977737184031,0.7273993873199044,-31.018100258274643,-37.50923859993129,1.8535763880360765,19.079697391015962,12.897847074851303
46.10505846977178,12.659333481583445,0.6698536588728922,0.6640782422865911,53.85261868078471,6.340468743018855,9.08855808388026,-0.05752020727363967,1.1264803734234403,0.03307597662120779,1.0047077990839286,-30.69404995901067,-34.85144342438724,1.7335543465235392,19.013906112205564,13.108391385183353
42.40686822547779,26.799533378965876,0.9384063464097784,0.4435345561102885,128.4599899545423,15.216721996939471,5.475903589705286,-0.005123290683161228,1.141062193979863,-0.01895836335112529,1.262886168325275,-30.244090167227846,-34.733123037773865,1.831235853726655,20.34744867116762,13.087852759528952
42.64246328046268,25.474495492214952,0.8021084204158861,0.4892201451208285,129.5196163285528,20.479816379310613,8.035539478295163,-0.015620908161251916,1.0780912939774832,0.008969646366310266,1.142919634882931,-31.61150834328825,-37.67675335559615,1.8189167934473698,20.02038040991072,12.949076447386386
34.18512401303093,46.017628008556464,1.2846718580293688,0.4988084151328608,104.04704640549225,10.759034511078466,18.749500750632436,0.12,1.1961184002716139,0.008742836715334988,1.0471876728178335,-26.849552041537315,-39.85079497119354,2.0683351012914613,23.086496468610918,12.144610163902104
33.66923452233816,30.604063968453556,0.8250681115108816,0.4850767782750563,83.26011597722625,20.552699318929346,8.710778120515595,-0.011119894751558543,0.829836031709319,-0.004231997963069723,1.1127030222167802,-28.45613663622766,-33.33307492356491,1.8157199600178986,18.94727761766913,13.04610124591364
47.28155426297448,30.405200033543853,1.315698972820297,0.5479407338123575,130.95173102010034,20.431690648902418,9.922952846625112,-0.07583434023225274,0.7060029088368995,0.006280618385455659,1.0671138916256226,-32.934291232016605,-34.38183024421837,1.7147581238711471,17.44029168487233,13.354365956039901
39.61294997187062,33.464715429491534,0.985965467239873,0.4165647467124481,142.47758643432644,9.378865423017459,8.684782648039878,-0.05219822777694057,1.3383700769335851,-0.008139286696109905,0.9745797535252273,-27.78889780557611,-29.31192741959383,1.7488274012022116,20.431776745886072,13.31942395917691
32.06206721364518,25.95639658659017,1.1214012623409295,0.5170630037626824,98.4296178418572,8.006572931909721,8.289848737375916,-0.06942384387880786,0.9697737583955768,0.01089657196315599,0.821214363199121,-24.259545097802636,-26.092529451179182,1.7202493872567506,18.876163875475733,13.302559004148211
38.09423448864466,7.162615944445968,0.9404268505536593,0.49203011618479575,143.39535506655932,9.530683482813037,11.27511349639359,0.022828717342370235,1.0059518097806077,0.022387585336474346,1.239230326347487,-28.99427116252879,-37.59584855497705,1.8767352182442345,18.77400357448968,12.66411880694119
40.2109213961061,15.538875983103608,0.8558726385162159,0.41943761409327923,83.4467238919303,14.13344524173765,9.31755977553873,0.050699429176451205,1.0673124348524725,-0.002524605081955445,0.902914830603289,-29.887073401076407,-38.637728271560775,1.9191257657798189,20.456349855184023,12.678896243445338
40.52613853545818,4.957022438049753,1.2778659082022368,0.40067721745102614,107.63439231742011,13.018570229236369,2.4710658200682296,-0.010947266473965572,0.8146100801748319,0.001056207295369558,1.187548338307434,-30.6092046652152,-34.67927074637244,1.7892470485782723,16.653470368203536,13.10750027632449
40.80743874971109,33.48918970424734,0.9036866019921197,0.49773768359060844,81.4560438542611,19.889636151690627,2.720337720974374,0.011207957852638374,1.0034514634805531,-0.019498521743397605,1.0519332125314924,-30.772600045029918,-36.369908968901726,1.858899018706008,20.27836682239979,12.993682072096478
37.161982524383106,9.535769712355467,0.8185748870980314,0.4173672570556116,89.80299209590778,15.756099472631043,9.812299371685658,0.0066486876189982575,1.0847470992781068,-0.0326912748946793,1.3246249537341026,-29.5979827083711,-32.28103276725965,1.8173006944221126,18.728529730810894,13.230867277381236
36.541009491230675,37.86470834073906,0.9402585907067837,0.2920036251568262,99.03890483089994,18.626540530271328,4.578534090463891,0.05721685986614623,0.9706035093453571,-0.00293173074579894,0.8621646118866559,-28.861315687499047,-37.470480747303625,1.913645625287082,20.70570711445347,12.69962963351862
41.97450086828262,19.00156826055374,0.9294597186231157,0.6346587441995282,79.35364327485343,3.0846867368128903,10.613860826070145,-0.005135625063994818,1.1566171499618032,0.01826956140009514,1.2404525217017104,-28.907856114884282,-36.15976838347453,1.8342667947177296,20.118743114212297,12.835761199292925
46.67154914716394,12.08050239307584,1.164329470818925,0.6774085795186666,107.87413056221634,5.898612671131483,9.058543126843546,0.037690736865689446,0.8563968406355991,-0.013499468420062024,0.9397883918327257,-31.39481563242412,-39.67311557564542,1.9307312303997857,19.236338220499285,12.710852795534935
40.38486395450697,11.060114005438201,0.8641810303811488,0.4135487782837989,42.4081703495795,13.309055019850739,0.7974226176550427,0.01812965869544264,0.8571039402274172,-0.029692152709422406,0.7678410744084171,-29.794777442570552,-33.487578146576894,1.8351996554979229,18.459930432338297,13.145824510194702
44.40761315363029,6.185037266545626,0.7826604668390384,0.566356269475227,111.876099954244,12.0262153521184,10.725832007652162,0.002410638820781697,1.1594978595689656,-0.016027543743574665,1.1629368080018807,-31.65099956631022,-36.806905115332796,1.8436967380346456,19.29108973443736,13.024109751531558
38.901550482744774,39.38508606237542,1.0648887243993772,0.41773617301268684,103.78120904339485,9.810828078064528,15.747814605056286,0.0032589391059759925,0.8882670543866947,0.007962678512698647,1.3223501376084803,-28.34014932009741,-35.052966311853474,1.8395926240032345,19.593951631163247,12.882531290784566
42.74488363586064,26.85415392971999,1.2531897328307557,0.7092656105329758,78.22169173251149,9.71302945705338,7.51232489796822,-0.04731158540508329,0.8039725190055294,0.00926743298710614,0.8177859648473473,-29.464136223285777,-33.43278334809048,1.770669394553033,18.498662755901215,13.122373400598523
40.02359829163854,20.524225207405,1.4474224647053142,0.5035356821521529,113.8484386221961,7.775891263642254,15.031393441229524,-0.07459645396348691,0.8825149224268964,-0.005669625580413743,1.1009852622521736,-27.86326880923899,-28.371183946493105,1.7073699437467715,18.036070740588425,13.46341065538128
40.907802782274565,10.487372905991052,0.7832097146276129,0.5838455862370016,62.74166759072561,4.321014160443651,10.938370796515832,-0.007434013043925475,1.0487141739132255,-0.005444602191739737,0.9391327931347121,-28.864737412479155,-33.998344032393426,1.8235652361077082,19.27394919875626,13.025941403089934
41.604393448707924,15.41139250683117,1.0139190561574534,0.652594557288011,101.04097984753422,14.694239851482763,5.433113264450505,-0.10983875850193375,1.1306954883277747,-0.01873207732452128,0.9888030531045482,-29.855124595448142,-31.27218856175127,1.6525549760326181,18.44988125983649,13.775662767931506
40.867545160524124,6.641947357125158,0.7249944465576896,0.5709180415613336,101.61307651771409,5.010956028905388,17.928953900892832,-0.0954453770286583,0.9756087918529285,0.021517409708401464,1.1752681377414758,-28.90582667495422,-29.60648360249096,1.6619790357917783,17.155347584502916,13.463209527547992
30.174823362583606,44.19920037117778,1.2079617869555084,0.5899845617008579,112.86345526043371,15.312118570634356,0.07950543005307331,0.0031402940514490166,1.0105838776663676,-0.02476092843918343,1.204767766109104,-25.092706994395133,-30.41836411839256,1.8616995718342744,20.46664285949331,13.018888758969549
37.676766802890405,32.25515704396604,1.059799338905956,0.5405839370913526,79.08480603541827,11.227804874550465,5.78398295458039,0.04644332673489607,1.1784840190868053,0.031642068031791926,1.3970684637434605,-27.99684109507759,-38.70422271099888,1.923840851611255,21.4187501166169,12.451886942445112
44.094759467992326,36.7116443864234,0.7696579868555179,0.34169597960916126,110.01037748025004,16.954632489445906,14.53108516745607,-0.019637115562139564,0.9199472157266047,-0.008453713984327088,1.0383788573769928,-30.732192279529535,-34.09832216675337,1.7880000504460354,19.355781772596668,13.174799126063357
45.447709093657735,22.81292025610109,1.0088427751611204,0.45197463890897344,136.0349709193231,8.903238064912658,2.9455325532179923,0.06237604031811289,1.1316413249794894,0.010741677895431906,1.0817060205874551,-30.89055435676152,-41.5101946815748,1.9601861384820267,21.370163997439004,12.462796905551203
35.939453795453225,13.69562989841775,0.9441246646077388,0.5268666779117029,106.09182237361361,4.344243869822089,1.7587257780324599,0.09893914190172394,1.1044601457651324,-0.005649125682979936,0.9131639419065398,-26.752128554615204,-38.24254024994309,2.0320557045484233,21.48207886148923,12.340894148621844
31.732830650591872,6.805434861991883,0.9154697077828705,0.6208669779915085,104.47975779761872,4.466937420833226,3.7110719420388865,0.01025752941265582,0.9114591509378327,-0.002769657184380603,1.1890635840445003,-25.151894390095674,-31.710861965265696,1.8602321747206771,18.179661735038128,12.879616854507248
36.44472305684357,17.193250494751005,1.3662111608311907,0.34499056831454983,89.48203385054347,11.171591268759963,18.80104901402744,0.025989378878061378,1.1125673781909895,-0.011581789700832094,0.8201735328241974,-27.65539218239399,-34.04962032851007,1.8645006462697078,20.339647562383764,12.922085896635831
38.511473754294514,2.5416311587347478,0.8953603568219741,0.37067553132652037,100.83567034587168,9.07601998079818,20.254523196615402,-0.005105656250831882,0.7071648591898192,-0.002268552780100194,0.8087119066168078,-28.884896126827783,-33.74911710660124,1.816597864902438,16.403586728201645,13.030108487641877
45.52091957327,35.137013009901594,1.1671239435834,0.656353339893378,113.91914724288765,10.93614442507412,14.88883420760525,0.035803044230757836,1.1065891461901454,0.004538383438969796,0.9915642832965683,-31.17809216848647,-40.68665613071944,1.9276008404096947,21.37305126659987,12.606439396811988
43.24689708014747,30.988849502213107,1.2910977574151705,0.4032174836145941,91.35907352540526,7.806729650937529,10.668545042170052,0.04700840644299253,1.0538843172141488,-0.04026762600700922,0.8575285567589036,-29.782381016462082,-36.10786347157217,1.9161688157896024,20.998534920970535,12.935770600881103
31.461653959922934,22.891704815389435,1.1640904011704942,0.34784394107510563,122.53621478580678,1.6067689243643417,0.5250411463915707,0.021544857139797625,1.120160878731271,0.014469046766780243,1.1625356491167198,-23.95268305082056,-31.945866357453497,1.8623284948467955,20.39979104749598,12.762528277879596
47.456697560183194,23.144825209991968,1.4868049846120273,0.38203001575598616,75.34910106306938,19.1660933815703,13.802374589250949,-0.07152257589505637,1.2663465189158953,-0.02605885517936831,0.9441995411002231,-33.7608057798012,-34.20921529527473,1.6866884029662468,19.411432169972766,13.686754446369205
46.34894201822926,25.40846525092246,1.284421239020944,0.4419770513294767,82.06667776951537,2.303767080553577,18.588572988763755,-0.04391013072660686,1.1134781776054925,-0.028825957051719704,1.0779419185509542,-30.674187838050614,-30.88730241538935,1.7482275931779065,19.524942299034464,13.462841824924446
37.491709270097374,27.920025594901343,1.2758997872127027,0.5880679358273855,123.96080922277437,5.572430822059915,2.5531974888820406,0.0012202559070580727,0.8812355368727074,-0.011208517566607703,0.8697181207380011,-26.677062027006627,-32.91860254968697,1.8618858428458085,19.65946189508004,12.9287154929085
37.657208189567406,9.726001056142012,0.8009482027189373,0.5469173423540502,77.55686299640527,14.398120580444823,13.62047130194242,0.004323731496712863,1.1574771990290977,-0.007350907510366496,0.9528944176780345,-28.70913025020114,-34.684498067561265,1.8469846011246929,19.846745939216188,12.955517029423781
46.015640648619055,17.047758048895368,1.0485856237345519,0.39543985491375366,61.3114036592672,10.53358544948999,19.79168866849718,-0.002013142789947004,1.0059878376902083,0.024691898102907547,0.9646251376793002,-31.227056332063817,-37.71797337424783,1.8047301364772683,19.23292147197476,12.899755395382464
37.44501659409146,11.662317384282694,1.1214581841073712,0.6372628280909457,49.22205048609485,5.448047272382893,8.80947304631263,0.004348780895694549,1.1666548175239035,-0.023643392675936684,1.019491251022286,-27.542291925778606,-31.98269068409694,1.8396764950250974,19.86596836734237,13.089085276309687
39.51036624494178,20.469252024742318,1.140931946661687,0.5838873181964522,87.37391810693423,2.621935517810017,7.840979254808325,0.010730182116978392,0.9184489319881837,-0.041410525744512254,1.1343635790338817,-27.774461742673253,-31.812099997874476,1.8648909537044107,19.438409646142667,13.120222879141677
34.95314693384822,12.056059276515917,1.3367367489970488,0.42362621439759546,95.10459150597364,15.106568940531123,26.792474096106112,-0.09206234786780465,1.0492654562132004,0.013464043843562036,0.8887978846861522,-28.02519429397242,-28.315719004668345,1.6630932847610795,18.078067859003625,13.512066817807687
40.58013901311268,6.065300744657903,1.4752558845394956,0.5758296697192243,89.82987412922911,23.68757511211304,21.302979902746785,0.014437444913568437,1.1151774525271894,-0.00465148392174367,0.8449428733817952,-32.5457022810776,-39.83463827614352,1.8790026059541984,19.78638514409486,12.827233010254266
32.36170597849095,15.613985521728821,1.0928300926421088,0.5913530014739554,161.8849947060708,10.693243134702536,9.470879053567963,-0.05701378108324237,1.0674210169730554,0.009486901507866765,0.9300578643698413,-24.93167581381521,-28.345892925790448,1.7573405115660699,19.19978633144318,13.170612043048816
36.77997088148716,7.593726129221026,1.1041386005235037,0.5890845484209757,109.69214133573693,7.473481391168575,9.236489211447042,-0.03782484238885625,1.2171511799378698,-0.013976453430523375,1.1658378077117924,-27.422718412671145,-29.624992342548595,1.7722823658717741,19.063861195276584,13.270098928204687
44.813195024720706,10.55354354213506,1.1397090842957027,0.3976805333893111,74.49240214494245,6.440330270331628,4.234579183394373,0.08355566630158655,0.963230011049241,0.03512127337576836,1.3103179711128317,-31.592518113023885,-42.51440771950981,1.9458178777651325,19.1008019019694,12.360543008054501
47.01053298542547,35.12019983805636,1.0131661703994759,0.5019986730667421,148.00432491375875,12.813726882514741,0.23933053480387478,-0.04008148680231809,1.078890469535333,-0.030027780201245566,0.9882051308761646,-31.343531470803,-32.58435859424773,1.7811655080574984,19.96468350402921,13.346041636754416
45.41236336035398,6.455047920103031,1.2008916327730552,0.4939924930850717,93.14127456870591,3.1317019430399067,3.3379547005477868,0.09673600763973056,0.8706770110250879,-0.02536808620891243,0.9057913458092854,-31.409759355627944,-41.320704431975706,2.0176151179602577,19.305707870436212,12.509639257332685
39.16480284387151,36.83013257163263,0.9376571659894406,0.3690773356795294,110.46196163601778,9.931494198876827,4.42604827701032,0.058715753963675114,0.8969115647731973,0.011107442984816036,0.9383304634044338,-28.10264897524878,-38.04527263030481,1.9376097353502812,20.485364149797086,12.53292538647728
40.77926207217047,23.612915469710472,0.6759719941281955,0.4661504682779581,65.58686101170656,4.7982108734489906,2.1005378109752497,0.04334351503370501,0.944356953051704,0.0021555707154606173,1.1641910357396028,-28.5529920384864,-36.98345333827268,1.9015922526848814,20.00681058501173,12.707437712192847
46.63230561481666,18.43060203275914,0.9512691625231876,0.5018672300518373,104.85605892357765,8.514483741192171,3.1251218532848446,-0.04120491368642266,1.1632005504270997,0.010829059946360521,0.8889942126859294,-30.93557003436827,-35.10703086692533,1.77106036546397,19.785685989464067,13.110785746692912
43.10742808859246,7.733387968251207,1.0443812348744608,0.458206569950309,74.23787725319204,14.458327547305174,33.904795374407215,-0.02941744205012224,1.1680001967881297,0.0057491626127051595,0.9709501162836423,-33.875711945866215,-37.491539917774055,1.768454041514643,18.973687222365257,13.153536461440252
40.38933338916136,40.048373129564666,1.218385238217394,0.6081603207976629,78.87543631638488,4.873920227622137,11.971399661566206,-0.02247380916051501,1.3971847274751972,2.184061096323811e-05,1.320434925286039,-27.950402417836933,-32.93514850759311,1.8061528625004417,21.159412251545476,13.052757431998895
44.41462871314972,28.69797174970012,1.1815728063073603,0.5232502362362347,116.09574112626363,6.1249144904647554,1.957417381048085,-0.027496922129066445,1.0051838698624294,-0.0337997090304597,0.8219539655221201,-29.612516481879048,-31.504963424993253,1.8025170300200242,19.79856089411068,13.29263230015568
37.541476899016395,17.25104642494226,0.7655519846947687,0.44215585564442467,95.27635989087297,16.69928354617097,7.4580649246425335,-0.011059389182924222,0.8978591551682938,0.006727553227819451,1.0310346373925516,-29.489573232702693,-34.98285663613251,1.8116284905161282,18.798653055391064,12.98953825406381
39.35049994380762,31.7761994774588,1.3566636883860483,0.5970388111296953,90.03955909286945,14.809779324712052,4.4774408631413145,0.05094919388222975,1.3827967893188187,-0.0221965639697016,0.9553242810907298,-29.01169538288407,-37.74458880421941,1.9465244304195721,22.43457451994141,12.715356846486845
41.2525069169138,9.414169861882034,0.818311419878919,0.5153049295813574,84.68881858756299,19.061071084680446,11.647461129237092,0.08582318570212606,1.0505950814855567,0.023383850041491492,1.0915660315966347,-31.899927297337264,-43.439411819779714,1.9880557654168558,20.220538137163405,12.29845909663471
41.821225511328805,18.625661647122303,1.3480406411430508,0.37631904415479367,104.90370045165172,13.635873302014701,3.4312208808781595,-0.01875704038048984,1.0300786349967685,-0.015232035313430972,1.2725219055515518,-30.182987170852872,-32.78227543412559,1.7833683688070252,19.056919450675828,13.237219669405343
48.65622986779881,15.300291045821325,0.8733683575768088,0.3774406572175892,100.24173263531137,7.7975578424098515,13.888759195734426,0.05264465022219231,1.0202426299535894,0.009284112314209832,0.8489092306762404,-32.29861295372043,-41.76255833641919,1.9234989687105783,20.307382170518213,12.59016913570517
42.28227155889389,14.45121330723152,1.4393175240904943,0.44393946351440894,66.33527960538652,12.284328318570115,3.2147927469447426,-0.09946817600779399,0.9721489975517744,0.008130165604080147,1.358422177581466,-30.181779564594876,-31.179818586276195,1.6251760352201934,17.141735265720584,13.704896242932508
38.53238152998368,21.761589200311757,0.7307112066631154,0.5304719436347342,124.91901970476312,17.511057410920603,24.289873258971667,0.03443244111610924,0.9306976616167728,-0.0011183896409522637,1.142967982147871,-31.407210153015306,-40.00586754848122,1.9136950324911701,19.994405338085716,12.687933335198093
43.57993723263392,33.95964084008557,0.9687583749584852,0.40761350832781174,67.93775226914872,18.557782256257184,0.3708846525187903,-0.012839854298289856,1.2164897982691572,-0.019666494255790062,1.0881822913580395,-31.452039425045637,-34.19361026119527,1.7947704461579923,20.488231246138174,13.224914832744306
38.736784223026376,17.222142765200253,0.9979523067269163,0.41771155653330816,87.8043223714712,14.574643749076452,4.930315023796259,-0.061854104378863406,0.7753033720634849,0.03283834298870612,1.199460020341704,-28.79341153948298,-31.739887971173633,1.7069657228542887,17.103062684473706,13.211608188310475
40.71855970129516,29.144978432300956,0.9951742870019097,0.5864376159182872,134.61653366363453,10.537873205810401,20.29180925945674,-0.03370204530515982,1.0753030013297957,-0.0029888233719551544,1.110951198452283,-28.786629211343772,-32.960031437487956,1.7954575779079212,19.932627629657183,13.111327761914728
39.34758347044001,15.853805195608388,0.9144951317154968,0.4520418744958924,103.26254856382738,14.065476082689562,1.720266219663273,0.017296810304093337,1.1195397514030325,-0.0023312880204191147,1.3364253681402016,-29.654736149473237,-36.34686519374831,1.857095841237177,19.838557577012224,12.887655748222008
31.9261357614851,12.860486532504467,1.1568389095305986,0.5661447364915277,77.44159417536437,10.585121863178445,1.1620819229593495,-0.04717654383582284,1.1340730708403748,-0.0013016450625357484,0.8299124317036177,-25.020477582085874,-27.679003533559605,1.759899686926071,19.366299250039525,13.231928257035158
39.138390084132446,20.26451538323558,1.2689801446624165,0.4034568066030778,82.3493921157977,14.674449325237894,4.051037882188578,0.02640797180893207,1.1001330062651362,-0.01938862618480364,1.2103388227181213,-29.454501203697653,-35.26838209560959,1.8645245576404583,20.16100291541566,12.97333834805608
33.50913014149345,11.063643646005822,0.9122014202377431,0.2524104811564024,93.30766053434404,17.77344601282887,0.6005314664457133,0.11141432086909508,0.980996632097127,0.019402658075833423,0.9094159629640408,-28.529868192662477,-39.8300447875201,1.9857785586722223,20.01899308850149,12.329514405460808
42.50780940264265,31.067302379824678,1.3046562683664091,0.48369878222315277,99.58693260995372,15.834332215799497,0.4865124404487684,-0.022403274324565094,1.025110467224269,-0.02464390057982516,0.8850173888906812,-30.221394500844173,-32.916991130121424,1.8029403590599589,19.901931300701314,13.228541964902297
42.24463332913343,4.278692090292424,0.8319475166990179,0.7246918012873848,101.81589270896177,11.469354591064768,28.218607214938906,0.006940191407286274,0.8676663709028896,-0.03021477602898913,0.8433040530012247,-30.996394517661948,-36.44720745445876,1.8805987810627316,18.380820211136143,12.989678589966205
40.700978769996695,9.389966867451548,1.2854211794787647,0.4833376734858959,102.53769701133848,10.513351842104704,1.383460516849972,0.014822882496940196,0.8949371958828133,0.005591125926818838,1.2310193580233548,-29.85710956798539,-36.70539312296532,1.853309852801144,18.18664379216241,12.849893503839262
31.931556136311176,7.324065588348324,0.632543765863735,0.4564753442382237,113.55508428313968,2.9727745901670057,8.478913508340026,-0.06642662294108992,1.0342213314993924,-0.0024540880361331803,1.3259659667040955,-24.805267336890235,-25.354586863142877,1.6997400262742324,17.64047827446388,13.471829086515513
40.337131474060115,15.671415599180449,0.9303957767874123,0.6023362257165967,105.33331323327312,15.238655628820013,5.342635751927046,0.0006766771043562187,0.997615334758378,-0.03014463176350709,1.0754222181316657,-29.744841894935227,-34.179473324007915,1.852400750154003,19.53240107745044,13.087699073053463
42.16510473945319,10.425467095632762,1.3752350063507677,0.5498950681503212,92.33333235294685,30.21721441173331,8.262993718892691,-0.11425698024213274,1.1260299399477145,-0.0067931087430900886,1.094162566838895,-34.63569980563686,-36.2953549753071,1.628753339555852,17.810784042036275,13.792301429899751
32.742740994475696,9.844570429923438,1.0134033829245512,0.6292324412441946,52.63653316585489,20.70269614461131,18.804552978604683,0.051574034704513806,0.9803429398893981,0.029812679215018817,1.054469107725374,-30.09457818961613,-40.39708397894817,1.9247715174312492,19.462399692081675,12.459928573660896
38.89384501755696,9.48199214109655,1.2444690710664086,0.5090855394615493,134.5129710457996,6.8363247656866175,0.06030394101357395,0.04834600906943366,1.1894073974581583,-0.019019510585851024,0.8243168754539213,-28.258431739784868,-36.9757120033714,1.9472463413066463,20.989362849197505,12.69239643969359
37.4136063954107,24.653867771165427,1.2437114725580019,0.40376745688858473,101.84976747559877,18.30964452519825,5.755205857471902,0.013885123943004172,1.1577595413800272,0.017548456697549272,1.0217605213768337,-29.05293239878416,-37.058574601921,1.8559393331164304,20.64441069157011,12.76511770845273
40.47218445137454,20.382257744376457,1.370049542484297,0.5289910524639557,123.88851979621671,8.488975836280243,8.448486046842318,-0.021442910506305417,1.0486635526154273,-0.008455115895018041,0.8745157026333877,-28.303331897392347,-32.8992273209059,1.8151297123596626,19.834704509956545,13.0759797616518
34.07579895738759,10.92475567944232,1.1839318407107606,0.48456856904748313,114.38704863494493,6.404271665193475,17.07726952408881,-0.03179963648163735,1.0509446305912196,-0.022981246488025815,1.1114741941517303,-26.300682406709424,-28.095858261116202,1.7788162318202745,18.768408050031795,13.306605142833865
40.92052368026518,10.705266932101566,1.1358292104493874,0.24154189827643574,126.54665044173119,11.350975313969702,13.178797014047902,0.0420351952495525,0.9282692811101638,-0.037676226774806365,1.4488940280217912,-30.47208630176287,-33.811251602592506,1.8421014165854668,17.887915643454754,13.175493349735873
42.870542156622626,18.425043454355396,0.9494633772896506,0.5990027040882342,108.98242529921453,10.972996795675442,3.9583038335725487,-0.045705259532932835,0.9525008254720333,-0.005810295898550175,0.8625263309126308,-29.847828831814518,-32.75173181170291,1.7731526950314758,18.99585447468465,13.212243311698954
40.058948807612126,38.2962232191301,1.2170021907242687,0.3933879308547573,85.28336061474879,18.538700297155316,15.130717461996543,-0.04549778802989822,0.8189645380231956,-0.004662549915742278,0.8627349890614417,-31.031575534433795,-32.72660653224381,1.7432544107976267,18.536636644829386,13.317377264195422
39.543026646655406,25.884126427373616,1.1586360489968306,0.42572722768544013,106.84490403602416,13.806867361428983,13.258237236290434,0.03617191144265402,1.1317874272381458,0.013200280230771494,1.0137600290882243,-29.012800069213355,-38.22659914539103,1.9025368476589193,21.007271090483833,12.634849487126944
45.82157864178734,40.57685177886863,1.1211349339809653,0.44524782639354354,112.84349037633935,9.194637812977659,12.45455927992457,-0.018051000858497753,1.0540171064218105,-0.010009476400807533,0.9071590180338802,-30.37765396689876,-34.64476972492588,1.8099137585392306,20.20597573862019,13.105083797843564
41.59840693720275,16.945372012918064,1.0564678088653836,0.582787080868274,94.71135456305596,23.86708180951904,3.0701818992968732,-0.024582219239106654,1.1134251528993655,-0.003938065924382433,1.1831447121432053,-32.61820598501102,-36.844911536147265,1.798842517684144,19.57481069199231,13.10522610082903
46.75152118843543,26.218400288721412,1.185461125842593,0.45679732237659776,73.88708851477368,8.091573530359366,0.03588457172231507,0.0484099025215613,1.1266836258296247,0.019029543416161667,1.0936719813674727,-31.26841177030011,-41.13255367629659,1.9155998139197892,21.05909983678289,12.55562919172469
37.421385806623825,13.249805478281083,1.0717243519473096,0.4565617444102972,50.386837250175525,15.242914755406202,13.413264865667646,-0.044393505020151616,1.0230061823777743,-0.015675665062374805,1.0903041940025207,-29.630320175690965,-30.082272416807207,1.724569023149222,18.286972837815327,13.464023476310459
36.62442174512804,15.709206653567371,1.0157857315266345,0.48284998725095585,180.0,13.882009604358855,15.943607593310263,-0.005678412551269837,0.9250387417039596,0.00867601582084633,1.2000532717674144,-27.987611446148456,-34.645077424020705,1.839070512651146,18.956092979586597,12.879803107825872
43.121639818924045,26.107940673270733,1.3672057593369058,0.5389089890788745,121.74978920077736,9.710333202029968,8.215674254966432,-0.025070996010043447,1.0528987667520255,-0.0067767136384804215,1.253288148169178,-29.819921311863638,-34.0198075791658,1.80313269308,19.756629091451416,13.108318082740917
43.22808815975144,9.034375583915423,0.9161079073944249,0.5653602000550813,143.21872724966866,9.1199413962471,14.341972485082175,0.04202019121454609,1.0660218111649984,-0.015727325460451295,0.9870371883087399,-30.688358950800318,-39.08490662447613,1.9344097421474913,20.110263035355594,12.713124855484727
39.410680237338056,22.760481830815298,1.0849737464500153,0.501422390668846,63.81254327788789,18.884545399760345,0.9298954511233593,-0.032906222643105665,0.7959443261298104,-0.014497280668529604,1.2603969608798997,-30.19899915404206,-32.074533916704645,1.7637621143474589,17.947303414335973,13.305626963742618
40.313373552481536,31.600995490092608,1.330063234447479,0.4595665507794894,55.28217010595094,10.30345718199858,15.807107185796605,-0.08009359430635053,0.8747732258233711,-0.0009228959833096686,1.0819611903450095,-27.97328865071725,-28.2005378497048,1.673191173426804,18.056514198874282,13.567879447537527
40.65819143195979,7.732900482317959,1.1062363357846214,0.5235502580064193,90.68815393458638,13.279127803739055,20.375854635905963,0.007634773271722038,1.0955900988279708,-0.0003472731046637912,1.1804528570840056,-31.556096325778803,-37.736248505457496,1.8419593867100732,19.048885707908294,12.927652188750422
35.602688645357695,40.08232672158686,0.8836434559185233,0.6549433677501392,105.41244697981969,12.88917717573284,8.614047878353528,-0.05432264888223631,0.9334226321997021,0.007215839622920517,0.8706771120479662,-26.360659490538406,-29.68837668850789,1.7593898318448629,19.265452716202347,13.17777079446159
36.086229681338146,47.1621609295613,1.1353020420859454,0.3738448031436684,73.8796664179749,11.865539777532248,1.0917131484189824,-0.08102095707276841,1.23475342570106,-0.013485521011340897,0.8416829163754233,-26.403007326671343,-26.658373266568844,1.6707461238151058,19.543023192525453,13.663982551925283
33.54292496362085,26.844580164405603,1.049511197016324,0.6765406984506113,90.41579779354988,11.690385026549626,3.8404773334271205,0.04642038478464803,0.8275986029398976,0.013078870107312544,1.2822355383408297,-26.04792936322674,-35.97628987609117,1.938920511548251,19.690185811072507,12.516492128999309
42.05043556523168,10.052728500951801,1.169147826662769,0.5201736795924883,89.22887236887726,2.9040299712892508,11.022710752652698,-0.03614063879072165,0.737275438848407,0.009918800470413594,1.3946090907311075,-29.71739793314694,-33.01534958826339,1.753923790405695,16.33686653395342,13.180614972870954
43.86053160160181,14.562503409256685,0.8097738833196086,0.3222788309990088,61.24587561341061,12.651084878891378,14.286269418179941,0.04049050712057333,1.140036782493267,-0.013097416430004241,0.929521796853776,-31.076749192728663,-37.31251244808277,1.8637980964807592,20.12455607835607,12.934441677350804
46.46305820182815,10.163192757774553,1.3781058449619914,0.5467876388408817,115.87168784682629,16.244636283505553,6.716059748374956,-0.031783181260955126,0.9878498617061612,0.012678548886696513,1.106999868037751,-32.52898776068345,-37.38942992717406,1.7858433562953953,18.503227818408657,13.044480119645854
44.566035514373276,14.303490128499185,1.0240314818435032,0.3802756975446817,143.73176634463465,17.730979890750472,8.823975925512565,-0.0008743225885636619,0.8690990224668833,0.01569237774263572,1.0957814862300919,-32.79607283422434,-39.52455250680383,1.8301629399149346,18.48874421572156,12.866436669982512
46.613725452865665,23.506061843785684,1.1962867301168463,0.42873235287318484,149.77112437292172,15.187646330566302,3.9740256737762607,0.036766217511360236,0.8621794307985982,-0.023572313077487524,1.2962454758214865,-32.22274427874621,-39.25005595524127,1.9086940792727325,19.493326165172984,12.849790759199525
37.26081080805869,10.840127044543138,1.4537656900475617,0.4624136092184637,92.59088065817538,5.070277375702297,19.987405466575023,-0.0226111045362977,0.7780053839798038,-0.016458096632416853,1.0709765023190367,-27.56209234813159,-30.2847830427285,1.7871683780040615,17.321984526547528,13.23137847211921
46.04727338935096,12.707756951636682,0.9293367438864595,0.5730576433518508,133.46080312391302,10.281330603582738,2.6735433081608795,0.03624981249504435,1.2053170501549597,0.0035214549779980808,0.8747884029170261,-31.441806441733974,-40.85788482200826,1.9279589182000199,21.068469948952064,12.61165387210063
33.190202934078286,34.35760684165196,1.3296386660366486,0.34278033269673236,101.41232092043346,22.111827822402244,9.827330498126319,-0.00960922135943565,0.8515843921758159,0.032513283576884586,0.8848805803700206,-28.55094269162332,-35.52146243346386,1.8047679081991523,19.140496122849147,12.850669607771975
47.82963663022996,34.66493862548213,0.6889852582672902,0.4338064773850235,48.21736885949093,15.6856805432288,7.611526267928408,-0.01166484169516666,0.9992508615660065,-0.002745777049571062,0.8042382647520774,-32.139204313676125,-36.16988328295157,1.7920273376772848,19.78699629012323,13.122271057562557
36.89257678096952,24.813915204052847,0.8598510095908212,0.46022511626063783,82.33027442345062,7.423662302137193,7.608930852971819,0.04150133660282604,0.8853619773171988,0.040943415025886186,0.8334852490503439,-26.98450746667087,-37.557536178236184,1.9118354738131256,19.972758114496227,12.434990071459039
45.8689902895784,15.295183075458013,0.9583714795233318,0.35261717102890555,136.994291856933,17.437105831041375,2.159107600935103,-0.0018151547738850958,0.9082557256490472,0.012178055957149552,0.964474432642243,-32.613070890668965,-39.03902695483491,1.8264991482538642,18.870060320161123,12.901674060511326
42.19411459939892,29.533566861852904,1.0027000942844289,0.376146211254198,154.0546594206677,15.298867352310497,18.4277120773596,0.12,1.2535124383531457,0.029882263342015315,0.8546114403502914,-30.227222915708683,-43.86087358881797,2.0637101347128466,23.07095436116745,12.032784086382167
41.80378811565214,28.554561905667953,0.9659886571096974,0.604741111499812,136.6749264526723,9.545970941006235,16.318098309311424,0.013537880708636813,1.080885645846258,0.024634008588160384,1.0909056802200214,-29.19789452672663,-38.4644781435546,1.8848323567158787,20.727804571883205,12.623027089019876
41.69840477673437,34.330416740521486,1.4022902852760861,0.6403195426478224,124.0839870189309,12.59347858506833,5.996977345378614,0.024810353315810423,1.0785864025662317,0.006420759669722593,0.9727716063991871,-29.36459200613094,-38.382070163634125,1.9079246876444995,21.079403180093745,12.659421342976751
36.76364532468117,11.167851015115012,0.7677118020824867,0.3068152758992256,72.41188499807018,5.973023220156131,0.017815940570965694,-0.00044826570219606377,1.061843004585981,-0.006184633911735219,1.2056564828799954,-27.53243166581866,-30.607580097947285,1.7776084850345013,18.522433365551468,13.198158838591882
38.21944713096741,20.922542254556625,1.1399211734601027,0.46016993304795656,101.81660851312915,13.724612789802226,14.451549983128324,0.036988549845259316,0.9545857497677432,0.007871914740839796,0.9705115790517058,-28.753505809002622,-37.67137934029198,1.9073712923804196,20.0807125266751,12.652139425498483
35.58478107253887,9.788613271329655,1.3276717885153104,0.3697398388835985,115.74407704952986,11.51029592257214,11.532613605910973,-0.028220332211819868,0.9706985889101499,0.014874183950261577,1.0569554950796534,-27.683457106711764,-31.957599495035534,1.7683624339433692,18.192106757237624,13.094608513060386
44.68590940291893,18.418722366416535,1.4281328122361978,0.22145406533015644,102.91614309552962,4.315928810357146,3.6598119441706114,-0.029926616898088572,1.0428137362839005,-0.008659788403844279,1.0341774803719153,-30.17405412273515,-30.972089688525944,1.7273901412658386,18.708084340585298,13.405335326251548
42.3623870969113,14.717152628483447,0.8751873295344665,0.42219863090334464,48.819389250682015,10.687602576131962,6.510280544160848,0.017975825946398516,0.7489081734700918,7.989130524737086e-05,1.4147823418418528,-30.43242889669297,-35.548942340495486,1.8177447008146996,17.12360936952616,13.010694236255977
32.40629614161563,34.066520253634174,0.8581026112190133,0.5678820488726517,103.64081112090541,16.552912557195462,8.391573610234422,0.0068897788494480935,0.7568878391367455,0.0007572106254431657,0.8949971564640008,-26.90556836266768,-34.01676288810796,1.8666067791528025,19.050337165423013,12.834929230597545
49.41350697335749,25.504867224840275,1.178056619509593,0.49982483079842543,139.01137467152066,19.78592654842269,8.877416190717058,0.018354836023268126,1.1232212929750376,-0.03362142388415546,0.7720314351913241,-33.73438911921612,-39.58884479193532,1.8906672695971094,20.999293046469756,12.977859319512289
37.63696343906338,26.231451000261064,0.74922618764352,0.5353885215787205,101.35047924787779,27.296596638518302,7.955343801049553,0.006139144270955856,0.7482325916824419,0.010720745949310351,0.9768045744619487,-32.61224546312751,-40.07024569516207,1.8602612005259274,18.72213074701498,12.793274182300589
44.12359516744602,10.57644828845293,1.2834959165636777,0.5604162770193011,100.21946561488525,9.458377182109636,10.741838888157162,0.043068309850656454,0.8116557699999377,-0.009922713964326969,0.9823290651814129,-31.23591482749155,-39.518002471048035,1.9270987226107155,18.666911727306296,12.69982484916341
35.53288555227508,18.94353370382919,1.329969735443863,0.27306470709255415,107.51702874207983,18.210535292928597,11.241553716205596,0.02688888699543975,1.016598617743932,-0.019470950383450054,1.1091300836495872,-29.145883297331796,-34.16643321265979,1.846177241642861,19.58449517842055,13.038190820122955
42.1395930553804,16.757711858759222,1.3224087002969,0.5044206246763857,112.06518688776437,20.813446749030415,0.9688941148659715,0.0008727834568740342,1.1419059208673306,0.04388053468447026,1.0166824586993621,-31.916969826014533,-41.01427133121309,1.8471382365561508,20.204539356088723,12.633077570778022
44.91129934481344,23.94866903955157,0.9346303892788336,0.5790183148484104,78.57759556660191,14.837198171879766,9.666305246034742,0.02555261092527912,0.9436417080761318,0.020762707229721372,1.06656906993592,-31.54033571192511,-40.66445884225394,1.8913051277419206,19.978685683210518,12.6252813271808
38.585241151603455,34.0318401728176,1.2472797594049327,0.29353459403665527,60.48508219700567,11.321093308532248,20.060219365981844,-0.06397985656094142,0.8893349388816632,-0.002343347958876318,0.7505405933385534,-27.31090222115139,-27.476341309784658,1.6779889525001024,18.307752493427497,13.558110272293687
37.75498158815833,46.991898404294275,1.1434266846023733,0.563565468549262,99.35377660337828,7.004307260494132,9.913055000348088,0.020445246569040936,0.9515049964669161,0.009911354787392279,0.9862698299623601,-27.036638371467156,-35.63362525832724,1.8900197517931574,20.494622851923484,12.697243922869273
32.54405371415791,24.109657666902223,1.2878012194884907,0.44409424087311217,82.71636408414042,4.151231358099058,11.289965439546966,0.0059259477259797485,0.7980370846382364,0.0032998008742674495,1.131925878914046,-24.4279067179069,-30.67916305297498,1.8384826709422277,18.66420785094766,12.916329883777458
40.073731414145605,21.815860515384774,1.1359893590352028,0.5729416857487756,55.96423134050138,5.392534597292691,9.915788579096947,-0.027439143160269054,0.9168150192720402,0.0039587174785170876,0.9661932082205709,-27.956294453848784,-32.11865035018259,1.7840416430535817,18.93514439280365,13.107619943281648
40.924696481222256,22.04720026222736,1.3583320926323867,0.6404662131675294,142.2996792811548,15.321104183770345,13.906067171144958,-0.12,1.0760613833193422,-0.002596858012976332,0.842845920551794,-30.008999748070636,-30.78186203870318,1.6419961682316935,18.501640583092055,13.707644291209874
37.89655114138961,9.464317609391014,1.0642043408063142,0.4261608495937143,67.26854989295269,21.032001316540054,0.6924454444929165,-0.0025242338902441925,0.938533051682387,-0.009983007387034877,0.9193421358385514,-30.844278441809372,-35.07838611702407,1.8114500806459093,18.464691824559203,13.099350179954852
43.271746086005464,12.297835473980456,1.1570740846977066,0.5549039100193052,134.84082198295772,8.45666886884483,9.808024445784785,-0.04285168363381545,1.0665652816489979,0.03155367111812786,1.120526490108356,-29.924827769312913,-35.53539677807532,1.77066696771727,18.919214064039892,12.979856901069697
42.45114811466501,11.57129010480788,0.9057804463937734,0.501815570901164,111.20850471298887,13.065229015692255,2.1536681249727465,-0.013245915737539816,1.206465903412455,-0.009055787849374983,1.2193380431861347,-30.59761935082735,-34.91811116609318,1.8102483048619606,19.597198043920482,13.097565660281207
43.84741408289693,16.619611590431397,1.1950376278911328,0.42505651654821586,75.42522038861347,11.01578792793525,5.966580048681134,-0.029567525089608207,0.9296682235082158,0.02499672225018766,0.7735650671149108,-30.191130230057407,-35.47685640498028,1.7741259732614691,18.813238692088838,13.008607087656571
46.446751147824926,28.299700765046143,1.3231148736159937,0.5462634977797638,47.27969781519447,16.225005503536625,2.922379988141227,0.09833371678414071,1.001149192626557,-0.018780630771100145,0.8925652589269213,-32.384704326432974,-42.742758644381325,2.007361491858481,21.42610347822416,12.499378264252469
40.92987477283594,35.69432398771985,1.1322966715804246,0.3002638038100154,91.50483142544353,24.454998619182263,11.11622679989308,-0.057009872758782255,0.7599428791598125,0.005687615847034583,1.1771570319997093,-31.61676592396863,-32.58463649410031,1.702943670110598,17.734708035466326,13.404560195985335
38.87453416546083,28.155835836011917,0.7172634658435989,0.5235254877395538,144.4568783401332,3.482353918673615,1.5769681642176252,-0.11801401797806627,1.0519646456075014,0.003895235445226882,1.363395728952351,-26.75742217910042,-27.50300100001357,1.6331505807044717,18.315832420760177,13.700201363717367
35.46631961649244,29.75462468197022,0.6593104021185789,0.53304899754417,119.0427484918575,14.342874098130345,11.445903336184323,-0.04692989965045438,0.7896011312790903,-0.018265895353098555,1.1848094962743265,-26.75446367177073,-28.33160869185944,1.7639683986478365,18.31840487640797,13.33036135708535
34.13302716325215,25.66750237362216,1.1572602697213905,0.651325189701057,101.57660122272232,5.6090618901773395,6.712039258528331,0.011619314452127903,0.9314467232586765,-0.005663286075817508,0.9690340924594516,-25.366151434271966,-32.64284039181915,1.8798116433644754,19.96073744463419,12.830995614582658
44.78382006516726,24.0599986983819,1.1417019491774072,0.3082914233649078,106.63599081265556,17.267545847208723,8.903039161874505,0.03738474169676281,0.9965083720049638,-0.002003160364076107,1.325547943460552,-31.938837001242256,-39.22360909163782,1.873519747484676,19.87459749035967,12.828933124627115
46.15492175046647,47.655444970333384,0.8866192992440692,0.3437204108465819,96.4933524069549,17.759051388919488,1.6930909876394855,0.002242029157780336,0.8734890041841796,-0.0031461892815432928,1.1526998160924884,-32.268563456854466,-37.61993039614723,1.8241594691529317,19.530848282833897,13.008796623471666
40.77066208751929,13.988895650716344,1.4682807072649742,0.5517637867040213,84.5947179570088,10.548481816298608,12.341513709699825,0.03970910568789199,0.8122751331907673,0.001094692309426795,1.331116829366195,-30.114775239652833,-38.26431367122002,1.902934634689176,18.370807217944492,12.709683829724588
43.94166167693905,32.50408919607848,0.834806531132362,0.44819051785895936,67.99190758400538,18.699520258070628,4.0151789195644465,-0.003015852850587225,0.9655698932616728,-0.016431382924506,0.7644294485539808,-31.44299935951662,-35.73846990226044,1.8228523311441547,19.871619100076142,13.10105247541728
36.454860647833094,15.497326879041843,1.172364445915865,0.544356716177236,74.50919990540812,5.130888004172538,0.11801158495207709,0.07381270520526394,1.0748227358042335,-0.0065123526642042965,1.4568731039767226,-27.29203944502308,-36.835469473803954,1.9572798294278295,20.292368264756178,12.57988194941757
36.742749590688,17.459270901294587,1.3460450758951825,0.4905786894662566,111.29145182425682,13.933996764223897,16.67729951537602,-0.027046661588449813,0.7438390689229575,-0.007665004056851114,1.0966998108979633,-27.562012073681778,-31.128493160747684,1.7918638397463154,17.66545809774096,13.15535600485342
44.608698329225184,11.048453976796743,1.343119035479873,0.5796208621970784,143.521959524488,25.161890534641614,17.10253131922564,0.02720174612612369,1.0504014883752202,0.015129131422686584,1.0898523574375565,-33.96667637223088,-43.13620551055513,1.9042353240919496,19.855595482330738,12.617209307738646
44.258361823955575,20.434832574642865,1.3155038207003389,0.460800325213693,91.0586169994514,9.014226331039108,12.497342399449721,-0.022794300949822006,0.8199794727899786,1.9018561133594024e-05,1.2254280164112448,-30.14299464105742,-34.134040303260804,1.7878718996630705,18.183250923861962,13.119338348744298
41.45688214483869,11.027734666224774,0.8760496573551084,0.5548407660004756,68.8487403231297,9.695288020741975,4.552365236776295,0.004773731579261737,1.0021639478237334,-0.02112114287229765,1.0977261574572794,-29.699599791168787,-34.237921843417766,1.8386549063143522,18.995253560526567,13.075842329320098
42.01540181455386,24.679758043435747,1.1450711588102045,0.5659823683049732,115.26422790387242,14.49907407493015,10.284144600847082,0.015305465648694939,1.0058857811644466,0.015188895186958845,0.8200576864515708,-29.82979024899577,-38.5765199410785,1.8857231009965603,20.416671502223213,12.67861668094219
47.730773318783434,8.785011682192055,1.2640612068452661,0.4431615861816364,96.24760657753558,15.995643448745797,5.8865984616860825,0.0194869431598651,1.1004613775201173,0.0053747953631252485,0.914556333131177,-33.47777715547659,-41.04364187082078,1.8689780099814293,19.714412271221754,12.797294646277656
35.0901400675975,18.408924373053516,1.176303678601343,0.5232305799894232,80.94432623554306,9.020980415939475,13.481064762036906,0.06219573224903083,0.8878954569428288,-0.0004928901083273609,0.9368674029677726,-26.8817720401322,-36.60941834950115,1.9549966100277472,19.968557642940027,12.549265671576574
44.38171947509414,23.926952450102725,0.7946046321044598,0.4320920222799238,132.20137530282145,12.910944588532892,5.642929987430103,0.04290127595468594,1.2943798785428955,0.01070680830328055,0.8107684201705982,-30.749611614503934,-40.61309541460912,1.926228910588291,21.857945157759485,12.572386329432273
40.09845377090653,40.39023993917754,1.4405730076885903,0.6274656192026286,120.09861623537702,7.005728551454473,3.6771553693900962,0.0661649049464039,0.711216787417253,-0.018627459251970242,1.1979516374289052,-28.13744309250496,-37.575653504032076,1.9821922256333167,19.56776004390497,12.577502910622988
43.78913610828816,18.09588607551101,0.7561658273112003,0.48143343112986936,74.42695090365427,8.751320587672533,2.490203842260545,-0.010973731361660024,0.8561734505989631,0.038640391443375,1.3785053453612766,-30.255216047667034,-37.30743623080136,1.800136036082989,18.236441425093165,12.829182846400498
39.253492402049716,10.140235810403581,0.712198307296849,0.6080650166278597,96.6348603586666,8.461012561993877,17.606252263412983,-0.05818334852922154,1.032468064276712,-0.025404754059331923,0.931470707203198,-28.75340812381652,-29.217864866246067,1.7454911501601615,18.664133990888647,13.449721507754544
40.539552887606135,21.843473676530007,0.979306584815514,0.37573242284592995,62.56511414745918,6.4248575587883305,7.846110668625544,-0.033923495814006194,1.0590995066493072,-0.016548455822244283,1.0415506917934074,-28.47992565871315,-29.313165671366292,1.7441330827584505,19.132967827072243,13.394236672391052
39.78531664349036,43.3475922018599,1.1189608162233058,0.6464534168868624,93.45557900269088,4.186321533185161,8.183369118559904,0.028359122579966825,1.087739174986932,-0.01613709479046708,0.6526232967662352,-27.690212216733336,-35.538752326725316,1.9114350368829751,21.311189790216684,12.791963079023374
39.66200816343245,7.5465059073883465,1.3027151458818669,0.4879853593551646,102.78565314783455,21.35405996827534,8.509860396019484,-0.03043049452238048,0.9443667781688404,-0.009777643362623857,1.2920549117237403,-32.624714175610535,-34.94603135087979,1.7655785717355708,17.55662802697116,13.2670502308443
40.91416503540162,13.090598953567536,1.2368729385058788,0.40107914301278896,125.78995093370438,17.633807052790267,2.17538380672816,0.023954710425809482,1.192585347789906,-0.017246832456124874,1.1637130010588397,-31.030298511160254,-37.252559882072916,1.871102022922532,20.188361879632353,12.936396001161736
32.33954117562761,25.673918472288246,0.8847477980000072,0.4341625757217129,104.24651333606536,23.427961337554027,26.530771250386017,0.010387503575460966,0.8985899466225626,-0.02081778146769816,1.2734770378468656,-28.523083087001684,-33.6241636825503,1.8511936080791083,19.359158764630532,13.029464939204738
45.92680790846072,26.904455047457972,1.1085918314914132,0.35316976419486146,131.31159685369903,11.720704888850722,0.12853695270634447,-0.027905102993929006,0.9395693748486019,-0.018071254313483796,0.9894198491902082,-31.030912472651686,-33.244415573941815,1.780034836596033,19.17503802449515,13.268750375414106
46.0858458993325,31.65100534801705,0.8276616830192627,0.38306873551723664,82.81544841077928,22.487000356495155,4.821030741203049,0.08937040673814485,0.7905888550059811,-0.014206739193879419,0.7787365475177883,-33.55706783430018,-43.43416772083821,1.987063752937483,20.148528334315618,12.53387729537102
40.397203292682036,8.742776009154337,0.7254527337425133,0.5364988680027167,65.02385572302957,20.343647772477567,2.897080953643208,0.10962481446431778,0.9879452627925692,-0.01690161573356662,0.804254063011339,-31.717626097078835,-42.75964954279881,2.0402652230330895,20.6920657049558,12.386324600993996
43.348803603618165,32.949934606072176,1.1811447606301757,0.3177648174168994,91.91195087930504,13.991024102688327,27.949148790711664,0.005156503727289584,1.1767869531577875,0.007439384532264424,1.3405007106685423,-32.38349734356969,-38.313568069206575,1.8169723824515693,20.456750720650987,12.965839345981827
39.19444916361381,31.889145602748282,1.2804198975210017,0.3785210679279157,118.17099177705065,9.684304507048392,2.1238899260129003,0.061314154987088025,0.978938002308318,0.018650783282187652,0.7989483271314601,-28.237281027679483,-38.852575586873805,1.9478205062434824,20.96176308272944,12.453663681911214
40.14264875086322,5.821742836161417,1.0575420938567461,0.48210471324415166,123.74801934760947,4.464966683667667,12.745524300060378,-0.06212590308639313,0.8523314641638302,0.007795960392309513,1.0393808377148628,-28.923523594131964,-30.9044922984258,1.7249245983283916,16.956628016215692,13.304939295483301
36.027275691559424,7.0763833540810115,1.0998276588968743,0.44794319895026713,103.6013463933198,13.797190583376727,6.775025293716364,0.014217176116744432,1.1022936716174427,0.0023166378418930504,1.125489636627045,-28.465910966535887,-35.105590349782254,1.8496682034149885,19.10756166764306,12.88353010387927
44.55352004648847,36.85650473981134,1.3220604502823377,0.584336489916235,110.64698355551296,12.049780690957286,11.119495786963952,0.04885871196639785,1.1513539179218082,-0.028070617818906674,0.6650272697416237,-30.58230301447351,-38.956941167035765,1.9492814916906902,21.844646782237604,12.74470027811029
33.97453571652546,8.140274077840388,0.7435614860158701,0.5818624374986324,95.81409769621177,7.128589278524625,12.968967442114042,0.03820026119725228,0.7760174601245782,-0.023971641570214093,0.9491485721224212,-26.368667373165916,-33.55957328988762,1.9200371152591158,18.235931741694408,12.814398682867525
39.878768292399734,28.22274184875985,1.116297168786682,0.5936020137552561,106.85418423822208,8.098978004479234,17.71776245872636,0.015864263170127443,0.916731525487349,-0.013730659627899239,0.7128098128381055,-28.518502226013226,-35.59334607892025,1.8884556388711597,20.13838543351617,12.853846276395446
41.566447370315295,22.71552049789105,0.6647957960100478,0.516652012525077,84.6388522192967,13.293284442279166,0.10169713617969656,-0.04282471867602372,1.1586586699029968,0.038882120446110044,1.0822735735126152,-29.561934688199116,-35.359927271996256,1.7606016564404532,19.76762499905433,12.970913786157839
39.438171542415944,21.024590111450706,1.1087701397575174,0.43205686796773735,99.5610505659045,13.065996151239736,2.8315434742116325,-0.0309910780858915,0.9883125106512769,-0.01939748028582588,1.0830445711546424,-28.80760245975607,-30.70022398888224,1.7751127553571917,19.09085645714609,13.296115742327489
37.57381321707655,6.352893936157594,0.7683413990505623,0.5870366250932155,102.81788057105872,20.51596828400852,5.324554654995832,0.12,1.2149482916102867,0.016130024011655884,0.9865330248533688,-31.61928644224451,-44.659377863522856,2.071114990376406,21.6069562406412,12.092261038569877
36.88372254548886,23.74811929096411,1.2887864345328648,0.5345089646500379,125.19136127295612,10.395482832860722,4.366839776960818,0.05568216753576919,0.982143740949316,-0.008086657274979753,1.3203788236175908,-27.431205633094887,-36.75426994043558,1.9504918831755134,20.508511289764773,12.611749091929553
38.70033759626534,34.93761282327115,1.0859409687143105,0.5580055097397446,126.89261609249144,6.271117799650216,4.170561103322262,-0.0342940829903765,0.8548376128402317,-0.014541940762425206,1.08865118148608,-27.082485088857425,-30.137944325019475,1.7922399180955697,19.028268246734907,13.199792858001441
34.21317759504739,35.120722486307656,0.7791091861206241,0.5769631308783039,61.53427176497842,31.978282793367065,0.08357637095069848,0.018188276878602888,0.8003294312092113,-0.012626339763526968,1.1088527546163538,-34.037585918268846,-40.50456627509115,1.871945787569026,19.32263658417755,12.903183079044293
32.74747537138737,8.1324131484144,1.0490478148787754,0.3532827673723154,124.61213285775801,3.7692066932637114,5.013783079041019,0.019182354570107085,0.7108846028017485,0.012357596296382976,0.9493282403222735,-25.369265566555683,-32.628727771852795,1.8584550287949213,17.12375822584328,12.789137615756488
40.19575032581109,11.652448999352458,1.128197350931492,0.44316840037769933,35.0,6.95230674720706,8.971859600424073,0.03759760667610369,0.6583734135759514,0.012109533244168112,0.8980140837806042,-28.99014875789632,-36.30762709375136,1.8614390541500156,16.99536760806614,12.780448459012392
37.718362893447974,16.587991021353886,0.994757583327851,0.547538414596573,91.69890826726555,9.468000153840629,33.636336697776336,0.04951607727584501,0.927427049585879,-0.015457304046630227,1.2795989561922196,-27.91211647409391,-36.0397261737259,1.9275402963731856,19.578636694755264,12.734011901996043
39.30979007020545,12.691642973813053,1.2725802008770914,0.594144847907679,67.59657124791997,21.95671444787844,3.721992866780634,-0.12,1.1265540781948813,0.02039740645791345,0.8521168389665453,-30.615223438660397,-30.972850814897317,1.6235304975969398,18.1128364593895,13.629168572283533
43.72619606275511,23.640773193744142,0.8033569623517587,0.2181242615860216,87.58673403138948,3.4525863316834395,11.903446062407404,0.03997566341210258,1.2212870347676166,0.0236489064430932,0.909740673459624,-29.74846922027575,-37.95818268749842,1.8506575560006762,20.773492084342543,12.745172446138211
36.492328893543316,5.132924675652113,1.1306964421876182,0.39469898483779875,103.07667929516816,6.5929053154626445,8.4794655327283,-0.03149544361485904,1.0043687080639756,0.0010998950950315157,1.3244363489223776,-28.200499142055364,-30.29716850054667,1.7401451269050958,17.218304354926428,13.29085190951454
39.47937661660406,3.582943152432449,1.0714552942909212,0.40841048414346537,110.63878620701342,16.46445975304014,1.984001137725227,0.10374881347863248,1.0549102349556465,0.0059949228151393395,1.0771188137447187,-31.390708638475914,-42.48563862561536,2.0061643207113042,19.580640423866992,12.348184679674107
45.19748482678773,30.97413527957773,0.8076621248743008,0.5354692693333257,95.89730941965601,10.532528071410528,0.576262648213671,-0.01018718960402542,0.9971558890651439,0.01124887059044584,1.0207832951065796,-30.527011254347165,-37.102471922350745,1.82853096243355,19.95872837900833,12.900426765578466
43.62115381165146,29.743468553935507,0.8027192201718035,0.33267699326945926,123.25447842597156,9.6839844123233,13.215057154886681,0.0393749413795082,1.3648057696665565,0.00421744991067392,1.4712559079876424,-30.488563911036547,-38.946897538851914,1.8904332437058193,21.60718112734585,12.731797044540443
35.94524769626462,12.984982160620973,0.9827595805531953,0.5921356307886286,96.90069103700685,4.151297337289566,10.789611977403124,0.06670299400125514,0.9683948674149685,-0.006781095934086982,1.0580621012918079,-26.922595364488473,-36.75689166864547,1.9708202842979161,20.096476809677473,12.538288586561416
32.607054027383256,41.12534309028584,1.5094100606077152,0.4757150254771246,109.41219830148937,11.218688934428618,9.844439694012756,0.05357188710257926,1.2627715283580412,0.01094614951926195,1.2220327756241223,-25.18941183651051,-35.52734683198327,1.9428588679300884,22.1044531650387,12.516981880187261
37.01712642214121,40.42357826324296,1.1973747135824886,0.4885804661315345,97.1282261974872,13.006589922348125,3.7556629956604377,0.03971220842933351,0.8293066278622712,0.04261134616943303,0.9799864815986904,-27.56805136485056,-38.32722952608378,1.9169468316703147,19.97417140808901,12.408463416313419
36.91380195806429,24.54666751255569,1.0797866053490914,0.536206312205406,79.63732384320481,20.198835493324918,10.80419243686053,-0.031042752024481243,1.0904514170059283,-0.006841712059397515,0.995829123472977,-30.085002067337868,-33.42321640950645,1.7842793135755968,19.78839764829956,13.177821058337749
43.366158311583426,38.35704254434829,1.1493442619257948,0.7315767703352805,111.21899045202866,32.55832980506932,5.277644469428808,0.05863382339795928,0.8726425347418594,-0.016999339297160014,1.1581270523735925,-36.36763465505111,-45.81215657747822,1.9722564403749616,20.601077877499847,12.598697992128445
41.75149700037791,30.616582803662286,0.9684372815672821,0.5330638082264192,121.38110462576032,14.119801098080472,10.523251371812039,0.035069265891816755,1.1781054355059006,-0.015958805599392122,1.2455099663476887,-30.42774301596673,-38.41996169643864,1.9153390307451295,21.36251091241964,12.777761940404186
39.16257023088205,9.610681328280453,0.8393795145512584,0.329269556274445,95.08747482300949,15.163584226560294,13.272496515709117,0.009766529978876929,1.044435616568408,-0.007583290504779201,1.0952692540592426,-30.837386615857064,-35.505132304238074,1.8170730193265463,18.76737836353078,13.063243970640288
31.132521492244226,21.382749229105727,0.735935202099704,0.45424959452233027,51.465175707421615,2.305952561485512,11.47323754991672,-0.029998398195636145,0.8915491367180034,-0.0343682822941188,0.7297028029039332,-23.48687326688996,-24.023738818828914,1.7653136288315352,18.794901499958424,13.435924769909601
39.98602711390441,35.68116098163132,1.34020622270236,0.6520597263932306,116.98214053075937,15.681319247750139,2.912473744763542,0.03168600874098074,1.1302617329127091,-0.0001523049525258725,0.8685144809434036,-29.32274685473175,-38.421727326496786,1.921265616579021,21.4507566967087,12.656791666537352
33.28007677010073,14.62583228039339,1.2631811101356119,0.5551220887833663,89.29799574966836,9.644911718139282,10.840781099744731,0.007489423994665795,0.9857255583222679,-0.012233161207683637,1.0884030406798604,-25.896312850031855,-31.78123077506761,1.8551041662934022,19.379564505502817,12.959041790138498
41.835158482589655,16.743031524825852,1.4212630296386688,0.39895291640446445,63.15819437960519,15.38616958157419,14.676212576046748,0.07060081847418913,1.096044379055006,-0.019814294167788963,1.0199382754714397,-31.03327856809184,-39.31998754416882,1.935961028149222,20.63852034265925,12.734496373780946
36.77291622462157,22.995204728353084,1.3218418249932467,0.38125321255728895,135.43020006784388,8.232539460231212,4.4895613003812205,-0.013950870199723056,1.115652129712079,-0.02799806971725668,1.462208594913129,-27.041469713933513,-29.382762386464698,1.8014588643722709,19.71897348781955,13.256794473373024
38.63544915599221,25.847397589887294,1.2612864313030885,0.45756385032543334,94.31280341797832,17.73937037376551,19.252913845996325,-0.08449742685565786,0.9451171067157313,0.03650093192220601,0.8563386690016956,-30.416825415240396,-32.55985057046769,1.6839510795418606,18.432211551363014,13.278061565321995
38.591069812029296,16.294386227519475,0.9441885495659268,0.47720393257986227,51.389466442955424,12.316354263410986,5.254961823506688,0.09819069845074434,0.9227054944316391,0.032900080032281405,1.2768163113313837,-29.114270822012923,-40.830435204734236,1.982793084102692,19.79573042604169,12.257909439726475
45.95410835922251,29.645337084609302,0.8889272141820457,0.35634045065652326,102.7268119058337,8.067055157366811,7.461576890734218,-0.008248927248196073,0.993982948495189,0.02462742752458333,1.2006606975172318,-30.567947696609572,-37.14066161569328,1.8057470312418546,19.61830320509272,12.896528389014952
37.372999811348585,8.500767698892922,0.7182230806627308,0.49571040539043837,114.03279586562425,10.375524866343458,13.81723028023805,0.08039957139180526,1.1105490844611872,0.03820909742060776,1.4938656026026569,-29.067945468080858,-40.64483402159368,1.9650980545650238,19.841966815510965,12.281452527354734
49.5773958435357,33.24892061576148,1.163436165507409,0.5124299215344303,113.78202212762486,10.21001823877347,17.36753541633461,-0.004865340368543585,0.8453476211903647,0.027414150569551557,1.3171881161194734,-32.20123102593217,-39.983511380869345,1.837822517867368,19.22149840308624,12.766143035270701
30.946718447276535,38.04171978295551,1.252408709677181,0.6042589352670009,35.0,21.20781790704443,26.461339598790534,-0.0742944647277243,1.2071966782401449,-0.0016012497133009226,1.1453837104225346,-27.23509306918494,-27.197672297278594,1.687448024585627,19.503703872423515,13.515030960739663
35.84226248741187,18.836839421664457,1.0589219382590866,0.43542884440897506,93.0229740492822,17.23122932214391,10.846375812718422,0.032461765447243524,0.9956752376364907,-0.03555074672602792,1.1752000503703548,-28.35363346173137,-33.750591082169336,1.885879977051142,19.827714568675965,13.00731166577808
43.747579678180955,11.931034504931354,1.1589904807621236,0.4173711320781899,100.86199675201215,22.577287860365296,17.405936658396268,-0.08441597782021172,0.8228024739743502,-0.02195085645344377,1.0023000769762342,-32.48246113877947,-33.559817443534065,1.6735899297284336,16.968426530726365,13.711324089330704
46.99737253798294,12.743797138749045,0.861342443287121,0.4949480652633337,122.25372692228643,13.238695746346245,6.149735466754411,-0.11641962743525383,1.2052786435629739,-0.04211569236001299,1.1046720029518862,-31.73389204207778,-36.275219769531034,1.6276806428822421,18.209743668984203,14.048926264710724
43.81188466630905,22.87834445342312,1.0978135882098736,0.5744213763092988,87.8756406205949,17.06977562485315,13.076784388966843,-0.05221114560206757,1.0940577347373668,0.008121441657144686,1.3220715924812074,-31.265061857157384,-34.019552560772674,1.7454681941629804,19.251296501815737,13.224274824396325
45.673953937861896,15.281504297412269,1.0326972932424856,0.6798650030450542,109.9986067431705,13.044458421724213,5.96654341816882,0.008526822158623692,1.002393681510863,0.018676609125771987,1.0809056788537497,-31.835110077528416,-40.28095732046141,1.8728585579663735,19.709429202831835,12.700289036266803
47.5281158279877,31.13057574399103,1.0290835632978965,0.4754863093778191,86.45939903066375,7.039263024762574,13.47799053358123,-0.04126197962151289,0.7524796173766096,0.007910835689605305,1.2531306483578462,-31.323646209144982,-34.66448346026862,1.7588125039367477,17.998022792601365,13.175388572760596
41.06255200376398,14.589639799781608,1.1033598511047804,0.5880140363509999,123.627156153569,12.39508391730864,0.7620112345829533,0.0077517703125165,1.3331331707588048,0.011079097221786013,0.8183682445153254,-29.512239271385138,-37.86421449345453,1.8761472443180007,21.202469191905486,12.736738603391958
43.903735683167824,44.231991507454254,1.1276576983860247,0.38330368136701704,113.75154408420363,8.454494691446516,7.968991465866706,0.04233340098032009,1.0698233649952,0.04144304049170771,0.850439402614213,-29.96164348007779,-40.78642824099643,1.9122452742602278,21.21685549664219,12.430674729830777
36.39170891939847,16.897552885771084,0.8204898393088784,0.6712643036685143,102.84595009583536,5.643069877980588,23.605157864104275,0.09021941230822272,0.8336446868091594,-0.003096721168616342,1.0362522931220373,-27.053976362587836,-38.225691426975914,2.024514629198201,19.98533767405181,12.348019023380552
48.71724325999647,34.023711986262164,1.2146556564182505,0.41687856209731955,110.75007721205236,1.9447461853697812,14.744150051907654,-0.04388847231399465,0.6,-0.007821086610699239,1.3983334092262327,-31.35894333225032,-33.385169549341015,1.752949670790244,16.8392884290312,13.301620152829813
37.9572370821731,29.13453717705208,1.3305129795897028,0.4719825133132445,132.8158758417551,4.391984689700016,2.360801394967135,0.053873017520782565,1.1292688931040198,-0.014513473950187244,1.0734159037049493,-27.075758670154904,-36.142842773679234,1.9479585739759047,21.4791832469399,12.661030586692547
41.11994618084819,15.618777760067914,0.7460960776567055,0.38680138120076046,87.64970162865816,6.562126331333995,9.28426437399385,0.01871220427182816,0.9717229809258199,-0.0024489898883771843,1.245525638466782,-29.137830643171757,-35.292819703062996,1.8449807562268679,19.102301788880787,12.930662756358517
36.96719130014373,9.34182569607798,0.8715025765811808,0.5267744345496379,61.25702288226781,11.615609694902716,4.178470107838933,0.07700819102706125,0.604793253830548,0.03540208598880264,1.2636230109820166,-28.84211633845835,-39.31008689438595,1.9510073274229194,16.251035746267696,12.342419226515357
44.16497848986078,18.12844015065667,0.763627437429116,0.6287447166450642,117.15683989041784,14.315704099574514,8.519231213046863,0.010384312153770402,1.0580181837748874,-0.006854083317153961,0.8317963581077361,-31.219122233432557,-38.548922207243415,1.8817705182697932,20.411682847345872,12.832001479436643
35.05033320732073,25.028904442036968,1.0642171486831382,0.573612286996028,79.74306962334441,10.344414288030178,14.662876555054916,-0.010647239053835713,1.0662196631403469,0.003882603687588294,0.9681828948134009,-26.06660491964973,-32.071840816578955,1.8263632646178356,20.094689804789898,12.955351958128642
37.17657191838073,18.688583444327755,0.9823552799423462,0.5292119372584982,98.30075004343452,17.315445920887182,15.564276441675371,-0.058739152796814686,0.7960147027538453,-0.008449760802576055,1.2186163332105922,-29.261771971238243,-30.40471072989396,1.7318114332610122,17.55870834525806,13.38679456429123
33.796947427102914,16.836904898359705,1.281237173991467,0.6601525100302518,117.76660678250295,13.275238323921261,4.493857640967687,0.016550901731256323,0.9575565190612071,-0.001432000026530951,1.2773714355782688,-26.665138354095205,-34.23845669797518,1.8829527852478822,19.494899911281557,12.793097928254978
37.08055585942186,19.035877397128694,0.9133886617832512,0.4385163010402221,77.39538664224047,11.69351056097305,15.172129203564943,-0.010411902926226187,1.0275417488437537,0.005659128910776557,1.0916433925560578,-28.358672277511523,-33.516875455619655,1.8038092638207246,19.375419093342508,13.024574826392021
42.65781884407123,39.729750742837886,0.7880328524022433,0.4953540435587362,116.56850484487997,3.317746398992228,0.5802789128320569,-0.02942483495641068,0.9212731819742691,0.02949640933429048,1.1342724579314438,-28.62623978704733,-35.059162277998084,1.7940286912687855,19.444053239838315,12.907946345447256
37.98923518574907,7.478153098564729,0.6545961258109169,0.48029514469152756,69.68844795979668,15.350703647821804,13.31963808114513,0.027993328673851382,1.2061679013433622,-0.03497150371049594,0.8235284886404637,-29.038740281179475,-34.43260747323299,1.8832735084596117,20.392288893875808,13.012402672688173
40.04160003986082,13.914950605837355,1.2807653123524414,0.6346808566734174,113.6342744689195,5.850473100293503,16.21232872546063,-0.025319135992462678,1.0648162502718514,0.02131637593231285,1.0894991645383096,-28.451046261965427,-34.82697629716101,1.8071359770951105,19.360734302849067,12.912451341682313
45.60494112808328,30.222212015804374,1.2944592002072324,0.6026993288249747,71.08166352431307,20.330852607370076,1.6281750313973689,-0.012036665362978259,0.9034676533590955,-0.008774299623380517,0.9511641933618763,-32.65018602401938,-37.57446468295644,1.8241369407016854,19.481304813209576,13.04575642583844
40.71023234117943,15.191126208993232,0.9710999738372104,0.3362285473355995,69.69107592534434,16.446219561787398,5.305619469884052,0.02527414317174494,0.9208165315019118,0.014136610340938308,0.9254644881019051,-30.37628579964881,-37.625855149483044,1.8462287464557645,19.026701458186484,12.820155025222963
42.29393007287516,28.536956351594316,1.253270607453979,0.5847136361034713,80.88584173704976,16.109275325261073,2.0282313937609153,-0.10041877446241616,0.7530139708697327,-0.0057178584948771715,1.4651292250213857,-30.0417259149212,-30.83052805577408,1.656262454197019,17.073841933883834,13.66988508647234
34.153530132130506,9.524518857702123,1.332644995086613,0.749406630507774,89.63323703712875,9.141145099394597,18.610819746741416,0.0019457646505542893,1.0616187644257928,-0.012491009768833173,1.1914343779565726,-27.19014866807171,-32.958387726950306,1.8528636485633259,19.254703234308156,12.96856736244827
46.206417172844276,31.289170019565532,1.1139053501850864,0.5456316631060916,103.63286542000023,4.471051956461335,11.473557927582757,0.01962378318128644,0.8212169607822157,0.025377510797899374,1.1738349859934558,-30.61438764870307,-39.706735052679235,1.884952354223652,19.43867387816606,12.618048118161095
36.98850238945324,16.284122519887546,0.7493674137193755,0.6057662765490002,104.65097527609454,3.644015004938186,8.601103020884903,0.044037848566027625,1.142217057281218,-0.0018923356947316413,1.4429709698003477,-27.179237298645972,-36.07025180987856,1.9224523422443538,20.529301078248007,12.663908830569772
37.11231397634154,25.14371735277938,1.1969725942451128,0.5860881764323729,127.6355625224683,22.47896499881585,5.565745735570685,0.05860963603928074,1.0793738236664268,0.009003757359700285,1.160319488154887,-30.701628243471056,-41.315111391832176,1.9641854971071315,21.250659021250293,12.46081992655305
46.27428763289185,25.969302657880533,0.9892952250135738,0.27574168102665164,63.177740293842426,4.453700236804884,0.052729100858378786,-0.009172267582295005,1.0096672251391265,0.008523518298901488,0.903154570213474,-30.573851452726615,-34.472881123008115,1.7695632536538155,19.35507225945728,13.131314440895087
47.86024769655416,39.40627801353183,0.606483014995082,0.45503044889786914,110.66900289755864,14.079589381581785,3.6502980825455094,0.014245439339024772,0.9041566884908563,0.0005109950421059938,1.3395488819383574,-32.163601209827455,-39.40939702725367,1.8673814494798868,19.93952391226126,12.833845561516602
41.87843744587375,4.037023219949418,0.8489048022747145,0.43600258951865706,66.59668129042697,12.543046190214667,2.8524495527996407,0.011106698297158081,0.9472918674977185,0.016412569766572502,1.224753025667029,-31.504805299599134,-37.434521269410396,1.810154725920777,17.31981498752253,12.932765380290185
41.11847847232926,17.57398188819493,1.2006658767554352,0.5415040254407837,162.73690886179844,14.621471117490042,6.534022287102218,0.02818609172191335,1.1431614411683702,0.01410425433457722,0.9864890012173915,-30.375544325067384,-39.854271592379106,1.911447183832932,20.858323812819403,12.59974652422243
35.58085451763361,9.803427937957782,0.6773007507878843,0.43895950444006554,59.97592879590405,3.0597262995516554,23.587024192446645,0.06766367532389587,0.9341950223282126,-0.003016118715602176,1.4986594049763744,-27.369243463385644,-35.45260367094869,1.907902481712883,18.474100598946777,12.719267667944939
37.41301528776785,20.55982502779021,0.9054644434350112,0.5158328345034532,129.51316183348615,10.690938501635472,18.24421616963687,0.034337161688416724,1.1724759607349189,0.00067213943486198,1.2321239832877002,-28.23525114104629,-36.97946526555444,1.9102020214257742,20.924225469438415,12.688161778216791
37.39823023247025,20.953986025576313,0.9296212743551364,0.42325511080952405,102.94962587327838,30.47737284388553,3.406223312030212,0.02920100441987726,1.0711997176164343,-0.0035867870746033037,0.9349096294192463,-33.817404787799816,-41.58854182645247,1.8886140628044294,20.497557156892007,12.787713959609738
40.08058488802499,32.72281705027903,1.0791124498363611,0.503667114753444,80.10906527610899,4.544962067624926,6.847505961004706,-0.025557976493846137,0.928622588117154,0.03351810179102571,0.8800705452240952,-27.663098364747807,-34.321196603806214,1.7932187524049101,19.42143413992021,12.88571679388315
44.16952515341297,42.095649024049344,1.0862048786944127,0.7647178191177388,164.7172480184302,13.026633506084668,18.331474077778225,0.12,1.2275022741125137,0.037937027455404775,1.021697356321925,-31.54958278098387,-45.944427745707074,2.0937888785257104,23.40612282226852,11.899598678576888
39.38730427962308,13.595187485661597,1.304874184826232,0.5014653479731134,99.06511345214273,6.7730687550033934,12.678925318424383,0.009834707728594957,0.8175906711805653,0.0015361171169701818,0.8712735282160822,-28.09594160227016,-35.103005719895066,1.863757115771142,18.63435531099887,12.839741989231458
39.27398011583847,19.692053207931668,1.1995675162893233,0.46573206799625044,112.34292764987042,15.537441209023504,0.008219448618466352,-0.03888921733540346,0.6,-0.03308060853640375,1.2635511272109126,-29.37724176009796,-30.44274734866295,1.7643313860243184,16.32199773117982,13.430712318749801
48.149695432173615,11.0684403985911,1.0559993266721293,0.5407209928727748,87.6084952672698,4.742155617306913,0.624929424425118,-0.020021090719157423,1.008587493709203,0.004181141769051966,1.0916904924490987,-31.91993282354097,-36.75821089813838,1.7999098787543568,18.76816742457891,13.04826748077855
35.041735500611416,16.161876545281395,0.6154787920024221,0.5562827054205478,109.0691409422891,8.227838198757176,9.158354128455361,0.07583636479875153,0.7487570589843201,-0.012650724463450383,1.139992109625318,-26.459133682352483,-36.22460605909983,1.9873715432314154,19.052571177172265,12.523027156388753
47.801246188883205,16.734600404707074,1.2067156896394577,0.45432251925929856,65.71582635157722,15.429778176796706,9.277880845741167,-0.06373807053270443,0.8591348919168231,-0.0031566309325271285,1.2901992309980794,-32.5171039793472,-33.04079529796221,1.6960413901132572,17.381176340383128,13.491261998884488
42.058991744892445,46.07995643983365,1.0219379975084055,0.38685037289598123,59.88966216414073,10.36693737159403,20.59062818170473,-0.016247762832955606,1.1540912963293553,0.01433131174525461,0.9189871385858113,-29.379150911645368,-34.395231254823024,1.782974804346641,20.360013749892573,13.044328962638758
38.891813409866856,31.224423592580713,0.9138106221423488,0.32683182264435806,125.13306612504181,8.908861489674166,3.7064413440189234,0.05164436693673097,1.170130842568112,-0.007696340950978683,1.195394719682726,-28.037541243574996,-36.55406168137668,1.9163835540689822,21.340931354277046,12.720985212265187
41.85597414952999,20.969399044587973,0.8588567169251587,0.4634559555427474,88.20467403399212,23.390384701183294,17.47955696260201,-0.10264203863417468,0.8559482933811571,-0.006253622786815467,1.1007425372534925,-33.79630411289056,-34.89474122884642,1.644054191911777,17.388449522948303,13.724243604237207
35.466725054315205,34.41358689045157,1.2597424103853174,0.5029099020857284,150.01631161640583,14.762163617483349,2.4605974314056898,0.0436486896502662,0.939684160935984,-0.0013905838792934338,0.9688604821760256,-27.3033533163101,-36.645009260226935,1.9370669236921467,20.676555563767074,12.612875841527764
38.682184002637435,30.47818699078111,1.1007615696615867,0.6560285154684122,76.56619621640661,10.680523592613143,0.18597243369946437,-0.036495020187659315,1.003033504739868,-0.015461866150085027,1.0179522635845157,-27.730531205468925,-30.348176151085205,1.7843977628364656,19.59965266250845,13.234945449581948
45.06997106635626,16.836429800755468,0.8498990648029285,0.6958340821055361,72.49987134629012,12.581923916330748,3.2014854166248945,-0.02445876709418361,1.1192199493976778,-0.023730449839917737,1.0878218390036074,-31.15640750442209,-33.97640131810694,1.8039112327869262,19.713046382400606,13.218793200292692
39.493662696798836,14.5629892762473,0.8800041322716431,0.4356861350899283,67.05619191344859,12.313720032988533,0.2752243736297526,0.020079633667834808,1.07622941482862,-0.018692402041002382,1.2059752173500415,-29.37203810725936,-34.428799205016404,1.845770976728272,19.50499492693261,13.034451926304103
42.32468447759256,16.209035733834995,1.281507581270385,0.4527151427873046,58.092815549578816,12.871216500022815,16.210292727721395,-0.052462695734689785,1.048143452542278,0.00329606694430091,1.0593203562656088,-30.26501402825695,-31.50086040627787,1.718289036245368,18.591541538625574,13.36046572897068
40.236252820474945,9.13648893185238,1.1025498947723409,0.6866728121189779,130.43533415468136,16.282646174943523,7.55217908819984,0.018395252963029785,1.1124481989460353,0.00812665342386727,1.3665071310629626,-31.29455499499363,-39.287951129111704,1.8786508002790765,19.45804288091805,12.746873688864412
41.555439236341975,20.542445196539855,0.95829687218492,0.5018181196570528,140.2502024128214,8.142557120925051,2.4111404296744086,0.007212662084494945,0.7742068022081812,-0.014352573616073774,1.4174757500662323,-29.25142609235273,-34.92636438859731,1.8565666989761536,18.300491109283232,12.96785624423096
34.64866157264185,14.963527794391418,0.9519600047790957,0.45997784681766246,111.11998396458951,8.650850790971186,3.81516882137117,-0.06635541063012095,0.6661690074854041,-0.025808120041819156,1.2196285769047157,-26.03940700988374,-26.75054521423405,1.7105693990957391,16.22403717308505,13.589130203198973
35.008381723780076,27.47385899364361,0.7029852038227409,0.40792037880228493,111.69890697265141,19.226067341108706,12.291979732812315,0.12,1.114464739834391,-0.005020516430478559,1.2119272031003512,-28.590743580163057,-40.63442581919358,2.0524088470536563,22.203802642225686,12.27567155069288
37.56807421214019,13.885355122124466,1.1401954662889908,0.593990043491967,105.31150873612053,9.16574491752968,4.916801439027722,-0.08674527910794227,0.9593043187040298,-0.0016978641340819939,1.1068409200487488,-27.256054125582352,-27.587787157011885,1.6882538730871008,17.89701286291764,13.51245884566935
44.18962915782498,10.765086050784156,1.1901756207368583,0.5125911091461615,134.90494854078926,16.045064593507888,15.949026421984948,0.013385252005083515,1.0040068304139425,0.009026817146251986,1.0970867644823292,-32.717351183054305,-40.49057183891421,1.8706453531963874,19.299436754064423,12.768420525656447
42.379696897205214,19.09843294433559,1.1281399944778028,0.4788586939765915,82.95893257134193,4.890115304622937,9.069731573004706,0.10428186722135864,0.8591362346433458,0.030834406026344994,0.9466032089691738,-29.622448349961985,-42.17057557318625,2.0267866220308286,20.325940831682626,12.136285780203012
33.19398634631935,13.355430409459267,1.148670354874634,0.5284869636849202,119.57331490354889,15.22929361845232,3.3868592286941928,0.05263507264939146,0.8438206405643925,-0.015837370140147508,1.293670618548208,-27.371128917168082,-35.59008779908019,1.9355284047916397,18.82768613546473,12.710161007607164
45.06854708709227,28.45440954386357,1.18475658751245,0.18232502048765065,99.02654080363959,6.845267324630092,18.20970711671135,-0.03986603534289289,1.0428191539055403,-0.0021938517154442374,1.0652437858210742,-30.07899712568795,-30.363190040577525,1.6990043157763604,18.856679305601347,13.472988308211768
36.07514540850454,47.09074279398193,1.3187020872711226,0.5645810429384319,93.20866848492904,4.344028655006975,1.1278974746119204,-0.10379101486147216,0.8394059403989588,-0.010726948578508205,1.0336491988342709,-25.337760105930126,-26.106658563388706,1.6583868891547722,17.99895239190352,13.695668786661932
40.232882342400806,7.247096414983735,1.0821713079651407,0.3285064647135153,123.89641206527867,27.269140046993602,4.071922731358541,-0.02213420529647691,0.7787071666183802,0.02363053981230808,1.0187887991653648,-34.009637461810065,-38.96502180284292,1.772263524206326,16.838513043203744,13.024123176438023
45.02849618402898,39.695181395598915,0.7819604925133592,0.5563612334949188,102.51457375391462,20.239230498060582,0.5700536695922267,0.0015453256186090695,0.971095021092887,-0.013023455753193493,1.194255863775316,-32.22250309266682,-38.07602788987288,1.8534983808390348,20.16790627785789,12.969843640638247
41.854716107649196,21.22680332492256,0.9244193888058105,0.5772582804353691,75.01846082289781,3.8817345145468853,3.488730915909967,0.03060950285795129,0.7923148982159909,-0.041672798604759274,0.775565562719676,-28.764359203994122,-34.368587697230474,1.9048284331363325,19.268106179889283,12.983728380674377
38.45305750581191,14.665196831716038,1.3375454684382821,0.47726535135877535,74.81671112924226,5.723812857442096,2.3394181593715926,0.01534721215954302,0.7541718436065413,-0.04044776463301954,0.88334457322861,-27.65385971690926,-31.537430138597298,1.8606142230965386,18.190830895371818,13.128701760638451
40.86458677872991,32.22140870360187,0.8738095648774697,0.4696445977260589,110.35379113633662,12.13138647294916,4.600462175529172,-0.01931906742253728,1.2654160573535407,-0.012496667382138775,0.8304014654679825,-28.806329717982926,-32.93248699103377,1.8104937712086508,20.8440994548226,13.119475089985938
37.35860100533109,14.367488041725423,0.8947495003295038,0.5974533193815028,112.1526649274701,7.635774855627694,14.368811951539762,-0.08378353672162436,1.1150000197780423,0.014667258950066707,1.0618377966148014,-27.138904735817476,-28.284713499754332,1.6969989666547016,18.672372083693762,13.368468263382535
43.43932194552173,32.31434881793096,0.7259591559960512,0.7100868534097545,81.03707132416969,9.63679134800476,10.247616673058227,0.02776736045996881,1.0933517309420624,0.003136913677485043,1.4597920213382891,-30.069223709233004,-38.77667519933435,1.9041843382350387,20.936499189547764,12.692572751127276
43.61677673889142,18.02096224782629,0.975083015354296,0.5441670746700283,101.16771713719803,19.427255511914577,6.926029440455251,0.04854674355744215,0.9042557197013944,-0.014370856022496768,1.2757220852404085,-32.14684445797641,-40.401045252776306,1.9297113873645964,19.581896123957215,12.71983019309385
43.56342090346007,28.00206917312232,0.8062440454098655,0.4016732739080667,120.84300228272016,13.542410583944651,2.112538687390936,-0.07526027552580053,0.952238669342459,0.018505871510438685,1.2101872924990877,-30.116996980077673,-31.498359184638,1.6959143824133538,18.475450404407837,13.347518504700028
36.89032119610374,36.796753774707824,1.4187976685753867,0.5192442309192322,75.25168425482227,15.017939091532815,0.47849453009108256,-0.05444658497096164,1.0805361159813935,0.0007801539714870423,1.1690097026431199,-27.767719234590174,-29.563141150777067,1.737838853955783,19.553638790825044,13.301792478861426
36.834816321447256,36.633843743880526,1.3316159001049224,0.3075247543138009,70.22693907911935,9.6851805786276,14.532669235053227,0.024420649547009968,1.1202711226160649,0.02214878691746485,1.284338214370057,-26.885825222742916,-34.65547884334111,1.8407299660275767,20.56267862552222,12.78886967645165
34.22506770157518,13.459939962925581,1.2332617503816865,0.5498026058999037,104.41739760463956,25.630665858712742,1.2316398913702598,0.011230336530567216,0.9933128792670208,0.026102813631535715,1.0052332820678256,-31.19290397999073,-39.877971521275924,1.8684419148938147,19.537647907255298,12.669195034052594
44.04803730791501,38.486108505889156,0.9762146799671579,0.45742564727100254,135.53400763567635,17.84619151869291,6.740250841447992,-0.07816637213653646,1.164336467254414,-0.019979653558917065,0.7485209549569916,-30.99150462150559,-30.85185579080887,1.7062081039448924,19.645462944178988,13.56596572366857
33.8079418868642,30.3358831343628,0.8073560738452895,0.4469693250797972,80.13649336346063,11.242517398784958,19.709071421975953,0.022451714804523126,0.9311639493279927,-0.041838376973238674,1.0214701063481657,-26.675287837043022,-30.997722104447064,1.8716723668189246,19.97003254752443,13.099356492161983
39.68252148213607,7.417049876939568,0.9999980261400733,0.4783997883937617,62.65065931536335,16.974671419246373,4.0018031249683235,0.006838937532295437,0.744762362036604,-0.012197941019368243,1.1810925311171627,-30.91038112137769,-35.16574193965175,1.8181278318610419,16.633340075424886,13.089922964812722
41.48494512969961,14.875589040730304,0.9362891355621561,0.47031034875489797,83.40769971917895,16.71274589661633,17.323060898080307,0.10179582999018538,0.7376763730046316,-0.026288597794708286,1.1111112543925126,-31.70299840291808,-41.38194395594411,2.013429464994027,18.80249674537335,12.52855327269767
37.05157609741187,19.69063845108649,0.8157081398905035,0.6242671035353922,103.48173840999057,13.859469933379433,1.1139290352500932,-0.07139742766714541,0.9326012026358959,-0.015197394821355114,0.904652187027457,-27.59549752865425,-28.02880357734974,1.7250954802936778,18.53180547638796,13.458699568023468
43.0614657597241,7.6001744444702855,1.4952341640762088,0.6733140553483955,119.8292184211772,16.073163375463707,11.032017935922411,-0.03385425191472847,0.8702289792476305,0.01994719072924376,1.5199871433307972,-31.7368409052514,-36.37216259721298,1.7700714927395798,17.00377269884609,13.055695572521882
40.630152927177164,14.765296424207605,1.101131303630187,0.4532040235204629,97.12143953882442,18.860149149588803,9.884050316231143,0.06450389500248961,0.9369186634756119,-0.0067248454409485885,1.3543091242859608,-31.295780755279967,-40.208001454187865,1.9391393584687073,19.43251505851876,12.639938618888307
32.77501996026174,25.790608061762423,0.916282935264099,0.41002551895599965,110.35658429953513,12.940602905103049,0.5894869743990556,-0.07431256995610551,1.1447148660507867,-0.012381873397589132,1.2542283173821671,-25.547277997966063,-25.530222755533856,1.6945979440316752,19.09295697515717,13.55989722931233
37.83002113715061,8.850349129609889,0.92210011101295,0.28657114995805866,123.37784068522245,6.974737262744793,0.7886736505502592,0.07681176396741793,1.1076858786542438,0.011251156647157187,1.2197778660142458,-28.665739922371202,-38.2306634763199,1.9281794596562003,19.62843522407247,12.56264304810889
39.59977850573617,11.153905414445994,0.6843670943986875,0.5480663789105275,55.93102622415056,7.588889631781923,4.8056560988185675,-0.016184923121355343,1.113948819238109,-0.0165893844689155,1.0558157228881693,-28.56893988538653,-31.56892542892237,1.7947276572356796,19.277354888478516,13.204365524884489
36.44906529344401,32.63608977166316,0.9103821440578921,0.5042035144632101,81.64658095155994,21.118631707315913,1.464153585894362,0.12,0.8384226347192231,0.025237173483396866,1.0949705640125302,-30.28635828790968,-43.30396783913618,2.059205590619211,20.910634788564813,12.073195554036197
32.60586024800304,16.925020495611086,0.8928351145600442,0.5390852877001051,128.38899456311958,10.863072927366687,3.2264094193952797,0.11275287761836772,1.1007715908627296,0.020585503611904882,0.898037103524064,-25.872642548038215,-39.032818951121946,2.0653185811157537,21.971338289680325,12.082756905581975
43.993095723298296,15.706468824215179,1.0951861278382489,0.45803468621436305,103.9909780471432,21.847484767994697,9.346287929671842,-0.03006228501784098,1.1479855580769687,0.029967005322681702,1.1282612107880725,-32.83673189036702,-38.69258342082218,1.7781289600455306,19.461833506777023,12.962565917751528
37.52179752623252,24.67969925022033,1.1333073533401206,0.5423812828219164,71.94479362715315,8.501219366519493,23.39805150340677,0.045567690877947264,0.8604266557112968,-0.026259948734453045,0.7692379123445601,-28.00372312743198,-35.52612253424141,1.9270631601610344,19.988841494084845,12.80603753679707
40.27249632364949,18.205100414779334,1.0760621101975252,0.5757778361379243,92.93263142319121,9.759555358320394,9.935630285493614,-0.0011270142842033073,1.093741230305598,-0.020029429737868146,1.1988497145009287,-28.81640088426924,-33.61581346189443,1.8412379294660015,19.909747533899612,13.059386901986079
40.82573788400539,25.16638752282858,1.0257897796751625,0.5499826119903886,92.52549693316423,15.583832258584392,1.972974678926656,-0.04089725462720633,0.9758315452905529,-0.02647175705062654,0.9283518525800578,-29.54574793761696,-30.782223210755078,1.7729096844114498,19.281986257127176,13.352625788403856
37.859054513076686,10.05380662842628,1.1538436748906626,0.3651310461735721,122.93638995677281,18.758370825047056,15.609572551109483,0.12,1.1535024302014825,-0.006462648665619611,0.9594933001621808,-31.379350566752816,-43.08047213731782,2.045281221935547,21.371949187647584,12.305964186963045
43.68248468048303,23.768434065236573,1.4399357184747135,0.5449195942322934,122.87621117756441,7.455897302415158,7.075173863049214,-0.05496810360836464,1.183402891948742,0.011428250981117558,0.8659238622474508,-29.383784758598424,-32.828191232218806,1.754226853099005,19.899245482330656,13.169638208322468
32.006579800016226,22.01831635228956,0.6235414306616042,0.3226789373847022,111.44086398206318,5.730249498069775,22.62825618445553,-0.03586809571121145,1.2922963336871538,0.029850415617041715,0.9873817580667641,-24.22414179225481,-29.07169564753299,1.7527758008422587,20.111897418447715,13.056717364082456
40.04737199563053,6.558174486942848,1.0250709750580618,0.2511416249311772,93.36878975907958,9.59204666042117,21.284841704973015,0.031462248968373324,1.1298801343749183,-0.025644599775541885,1.1584259524401053,-30.16699626542822,-33.530752635799445,1.8197960407862124,18.58805370670988,13.173895240470593
41.67876299364554,27.60884269325875,1.1425157702003468,0.3561523562957086,109.65143615488539,16.580890746503893,6.236239855428318,-0.006158598724857911,1.0845848098769681,0.015902615051771034,1.0192049315179372,-30.195899390860987,-36.551184689501504,1.813853304910605,20.08360828582097,12.92281545215382
38.33090875818085,47.31146129967663,0.8991667600200342,0.37173399834646026,127.4190776244445,17.512827270083452,4.514514252541192,-0.00927416209718388,1.11645507677057,-0.009693393775718592,1.4038769719153041,-29.002979002033165,-33.61384810194992,1.8166339329665968,20.482882454056877,13.07873416767438
37.75238254502283,9.163634025421626,1.222718838891912,0.6100460509100822,116.2629995909206,8.825191446933392,11.368151710965897,0.0475567918590174,0.9386275801563952,0.0008370545955541226,1.2734726740027609,-28.686542880554484,-37.65174166328428,1.929228285069014,18.993813170549963,12.62440048868584
30.320093558377916,10.421803028173777,1.2033253158531494,0.5909148452041462,87.78861169565916,13.542260965334846,5.527184218565452,-0.03656041968051354,0.9610084011276013,0.0051203189044251455,0.8153701409549986,-25.09889852812702,-29.43926063637963,1.7863784488014562,18.736465919923894,13.091472571515459
37.300168552797274,27.676354472335387,1.4541591764507382,0.4061749542429038,74.10158320109939,12.215837249373655,0.05996320741283068,-0.008007437257305945,1.1111662362732604,-0.007864597789955444,1.2236578281456763,-27.621638496270897,-31.726148668316874,1.8026671138718158,19.992567590347285,13.117196376916374
40.69661709998854,40.15387908137615,1.4523928668572479,0.539560334281061,66.12024399581304,24.799860590353994,9.633806112366427,0.0818179351938963,0.7497030554289311,-0.03346102295983043,0.8670520806838304,-32.224402919649336,-41.139764328835,1.989358797054559,19.996828549407887,12.650800767745768
46.87616026775817,21.406932158432234,1.2161214543770917,0.5172808835604311,87.70183668453242,8.001604725662922,14.195687679904204,0.039438566682270554,1.0479582458953176,0.013754352880007458,1.0222511699920342,-31.419351591504952,-40.89032080035115,1.9135583670386938,20.579031965979357,12.594967146164704
43.24371732364342,31.655586293998052,1.0716641861649097,0.47474977168342253,74.34186163973911,8.886512459184,10.475194680739378,-0.06326038861604957,0.9169394781399565,-0.018251425519275687,1.3122122484708698,-29.24836485390529,-29.39976433199023,1.7132113901693824,18.522335948302477,13.52628847967278
39.85476572029404,25.953181651754157,1.466653532335594,0.49709088378232763,58.83261886047102,8.965563391131688,5.823768517666225,-0.013736240778294984,1.4,0.01893737195564122,1.072104263054529,-28.137909976157967,-34.26928931161763,1.8002690863143715,20.8866386971886,12.952148172815411
41.68444109833179,5.903287703692989,1.4568543279984727,0.5260305081293726,100.37810326946645,12.634593067289954,3.455717319428304,-0.046428407483271206,1.0682389151248004,-0.01453786263295487,1.2615230299785751,-30.711480322089425,-31.71705756579786,1.7397106770948771,17.845027203402044,13.397562012490967
41.026116559074275,26.444735422962374,0.8419304413502176,0.5345430860620696,82.63359148102792,15.069944207475736,14.23448997191944,-0.019601104432252988,1.265211729261597,-0.005857160787223806,1.1514214296762764,-29.914277244774176,-34.286501720904624,1.8041808050708033,20.550805213329728,13.098447943383833
35.887949546678286,13.572560187834988,1.037584393021608,0.4211197652256402,115.72726835999366,10.031121757744964,4.083780185995272,-0.05565059245970368,1.2337554525350398,0.0031270668593320608,0.8403144046492872,-26.66944139497273,-28.663227098903732,1.7380205311721808,19.522810279036513,13.28552852131614
33.24680235591091,20.04725162817814,0.8428805229704994,0.4505176546199469,98.80972663543413,14.804223417708274,0.5372041384553672,-0.007223180303701324,1.1386956170796312,-0.003181598435648234,1.0306705572089618,-26.609776824463843,-31.92766243524014,1.8220570065742467,20.10140968908989,13.016531034254369
35.946703456186434,27.293778235621247,0.9669579806203055,0.4753042101376258,91.71234683856298,15.031645607229771,8.893824643954627,0.07906869028744619,1.0509407229323158,-0.008822755014404446,1.3521915458153417,-28.03666726552308,-38.143623010539734,1.9784162396361409,21.1857832993558,12.527077552892267
41.76473501054798,30.145197497748647,1.2801199790984297,0.5703655284663285,67.43131908086136,5.063665499099949,9.477634694601333,-0.01701801110768066,0.9136905948978622,0.01140810281030417,0.9935479569575645,-28.664678766642574,-34.47298729936402,1.8097303311195603,19.391933414172204,12.966241757441006
35.158903481343756,20.455417421663082,1.1762133426945487,0.6156757542031306,60.279114491897104,2.70446580455784,31.354949429836594,-0.0007943026954935501,1.1335360237541947,-0.0299401313819325,1.3669236567592753,-26.620811097110952,-30.126413854572206,1.8303360607529635,19.966420958578283,13.164960930396383
46.48332711347768,11.539949517819373,0.9054999279152547,0.42231806771796054,93.51404948596067,18.65160042140086,14.434277367139059,0.0478209565581653,0.6091917348424827,0.01092656633923635,0.876722366361685,-33.013582711586025,-41.86666791573637,1.9188368048121816,17.042759276531772,12.595210698131046
32.1414330428601,40.737358512328576,0.9157905428925601,0.4336230080713561,108.26160445473683,12.6053891434546,1.9364157398628397,-0.019903263560079553,0.6875518263300819,0.011595297088286249,1.3466809993477036,-25.28988430284313,-30.63168343565733,1.8008407675134028,18.05790735509886,12.997002548507464
38.36750552021863,29.629941059907562,0.8624104051834118,0.49915376983153353,106.75417713237398,10.85956681190973,11.33095842247025,-0.024016366213868677,0.8952831314623205,0.018538014295361123,1.0927347839264763,-27.524811623461677,-33.46353495767672,1.8010226125536772,19.181584990126176,12.951976795765162
35.77670893199571,14.191752646054212,0.874535390988178,0.4210994633328562,59.47827346003508,8.506496766580677,2.8213125662386833,-0.024578976463907054,0.7812874673832755,0.02996125456667788,1.006420866685848,-26.74624244076248,-31.874069449410285,1.7645809289287275,17.46575629101847,13.01226883790987
42.37700261047624,20.789555915767327,0.8559408056913853,0.42981824672240376,99.73011322438224,3.9142935446805023,6.258786229595079,0.12,1.1322389949739986,0.014745024261909816,0.9554189985432409,-29.463607451165032,-42.27106331845113,2.0546199283144975,22.12926156832137,12.148986471628428
42.720288243335595,10.470648592992141,0.6820447790633362,0.5766079970923559,78.64011801099343,15.418555862858527,5.938927170430711,0.048083079813898116,0.9652085345397884,0.038090786977451704,0.9840632088828425,-31.12030408483374,-41.95882210769993,1.930876265203546,19.7333138774963,12.390515386562267
44.13394458298374,15.444038781247116,1.1564942490296692,0.6066444800326285,83.33091381749064,11.0550838987973,4.071261929496001,-0.02078554244367187,1.2886057934901867,0.018152485078457015,0.9596161497961802,-30.465463893348478,-36.88295651499958,1.810544997387924,20.375333222630882,12.92031754594421
35.06229276978151,19.902077660889322,1.1533992342095347,0.5175019803558809,92.159414218745,7.015712827700486,12.752465298320182,-0.045608391957436795,0.6367783024133302,0.03117533916097392,1.1221639741190763,-26.052089563264573,-30.863741241760792,1.7557608635711992,16.723619783177448,13.037229796211815
45.525854715440516,26.01688946022764,1.1571854092081812,0.41819235582019765,100.21507998481161,6.876295920427884,3.090764503858539,0.013808237277675182,1.0184060303044995,0.02914255714835158,0.7500342756524507,-30.3788019236212,-39.18333749114947,1.8626317138345816,20.32536851015812,12.670186174755576
40.35948659119367,14.483117134435098,0.9630170790618956,0.5562717570539373,110.70156755109338,6.487281965995549,17.506249986138137,-0.028471073801902003,0.6338289890688806,-0.013971819308645583,1.4148370591001065,-28.798537670052905,-31.63866932894542,1.7842201804588576,16.210783246263112,13.225599724315272
38.6671637955085,10.682345359827522,1.5049180321879758,0.5042448344652509,82.31387552333791,12.641033116355134,8.589549602400853,0.034075469737982436,0.9257531409147257,0.021775566226913283,0.9840464377651748,-29.30857808358862,-38.490033505602334,1.8968843720677875,19.132711217747307,12.600450596583212
39.15661863026162,36.81710137296976,0.8051154450486426,0.5321711061607576,76.45338959750391,9.103007006909365,13.323503677599454,-0.12,1.1809390558731028,0.004021779234246131,1.0176172344449659,-27.582121747866196,-28.733727911283378,1.6202328537016824,18.805314943194617,13.753840317234138
33.270659236276714,8.60438971438135,0.7757995547167936,0.5538325543941524,116.42463210550676,11.757529204147593,3.09929807954717,-0.12,1.0746046836070908,-0.014872522264343616,0.9464451665510065,-25.948647523927665,-28.15803882325584,1.62996266522823,17.710399161352257,13.84360556878296
37.9591786811436,10.052472543748252,0.6564711673647532,0.3276035640861117,80.97547629721389,4.364589264457783,1.4622736088511417,0.0357791792902383,1.0605719221873946,0.009199143829584163,0.9553561182944441,-27.80770809923764,-35.474379913958835,1.8656776026556923,19.570323198078725,12.784316859850323
39.1951659055613,19.678478203512057,0.7575305842768051,0.48966518886580623,94.21518365494444,7.735276255025351,17.12746954259805,0.06958975050594786,0.9330397637905548,-0.017415006908304956,1.3437973500683158,-28.948865217171598,-37.93481636910964,1.9592344948060707,20.03805174599901,12.64317033634832
44.55814333411355,38.74928074381219,0.9517119275867829,0.5441614790921355,172.37632747186228,28.305342274178294,2.5552322690633176,-0.027271622070462388,0.7696271158326109,0.023094361447608708,0.9083381905968848,-34.39333841845522,-40.97343382559339,1.8115798709439563,18.79009831681932,12.885393119677467
40.664557882573334,7.9078089433315295,1.01549607592343,0.4960655756719762,108.07699211551663,3.6780120068024313,18.625427265430098,0.060893054670844805,1.0056458456580912,-0.00010579583311392934,0.8763984541693853,-29.22934474311237,-39.085273227667315,1.9594109038276513,19.975149952581848,12.532695153993352
32.40681606585511,19.0213844643086,0.9385206426710642,0.42143443322175894,119.61895499935308,16.60109281641359,0.2715091875387792,0.004833111549690751,0.9464858049422452,0.00257538212307147,1.107590347183924,-26.9362618755266,-33.41017696010315,1.8437223209526172,19.331969549482622,12.902622373557229
42.87184929046963,18.59831067541012,1.257645501217273,0.6615056664185116,111.27158324475757,16.451552616187485,6.390747921327832,0.021312206516722977,0.9293808020286711,0.019074297177231404,0.9636778535190909,-31.321461162631735,-40.56586714950718,1.8997892252829682,19.832088215650373,12.607489862115218
39.371383031140596,22.793376960837286,0.8469098316348297,0.4138172911364953,146.39263295722796,12.623020450383963,4.337845450159708,-0.02409734379265535,0.9243502092427611,0.001045791640476345,1.334357022822119,-28.80549494742562,-33.119558369402,1.7928301613386424,18.88283830639882,13.094463659691732
41.48512954839183,25.148020748566424,1.0764472570784687,0.45941727418031286,112.02506542655124,9.935714290535852,20.698942292009725,0.02326802098710191,0.9664079939790364,-0.0007298625715004102,0.8270702955155469,-28.879261182020425,-36.776903201509775,1.8883552243275357,20.243989771552183,12.770295894261187
33.449786374728035,9.090423311240116,0.9430489501547268,0.6125566089501286,51.43968589099543,20.024497042104606,9.167694377328013,0.0035140608281529285,0.9770233721587859,0.02479559720571754,1.0440003621837848,-29.155751825051404,-36.58386445751111,1.833887985226177,18.70004118765401,12.796147387533553
33.932030553916846,24.112670891163116,1.0661083256859598,0.5896694980055914,113.36208378671729,12.282002849804533,7.200908717000619,0.06805377253649564,1.0694932375988415,0.00968885933566736,1.0153031593909048,-26.33260747751429,-37.392241725552196,1.9816588042703869,21.386394052543867,12.401552010732582
36.939720598949705,5.755142826583089,1.3609190073137452,0.48832203985596284,80.65675894859086,12.81763081351697,31.727451417828156,0.016598229940405586,0.7769467480659827,0.002288547269185731,1.1988880197352434,-31.061925663821345,-37.23456450235184,1.8443087384559964,16.844462681030166,12.902416757850778
42.14306792555921,28.495806460435997,1.0695725138589793,0.4371137635497656,67.26185165573868,5.90359304283071,10.380179851383541,-0.029161453352455124,0.9914499310363508,-0.00693984942124932,1.242219259903651,-28.95322570997901,-31.440453799564985,1.766107915768204,19.217520871499683,13.246095009736921
42.05274429170117,18.385545594314124,0.8396265275494508,0.503599924376649,98.66655711729665,4.0614854249929095,20.23691818424694,-0.04074006970893926,1.1381564823250225,0.018331988419266514,1.1647111690731935,-29.305737094885977,-33.69541775659203,1.7633453892109343,19.436551316532302,13.09094129542899
41.06151712291104,2.9497435519806627,1.0591013805148868,0.38607441520899916,70.6654125677515,4.665265980358706,13.34172331550168,-0.08223920448226842,0.8496795968348414,0.017297567269667437,1.0276673479751834,-29.965497659542336,-30.76007104995419,1.6475312108673634,15.846793425147055,13.550129114471101
36.62583307714503,14.244889859284214,1.2001241268526563,0.5372915961580359,110.80566257196026,12.583055939347771,5.986384286345277,0.010370165700890973,1.111834447369705,-0.006948230991684505,1.2262603835976478,-27.895805688192084,-34.37852241308077,1.859832593280587,19.855206038147852,12.908072317314403
32.4769544412526,7.398198490738489,0.7027732214540643,0.5480533696019554,76.54050090444863,12.830729092419283,3.423328007052598,0.043542077717640404,0.8608558102208084,0.015972658877515696,1.3216750490410794,-26.91947576558269,-35.64458272449264,1.8978796771848856,18.00362807311669,12.633070325023244
34.21049057395666,18.368539324320704,0.7007427796471295,0.5802568421407951,62.770197976098885,6.711511062359875,10.323524737341106,-0.0904399965460999,0.9358606505296108,0.02150387303484397,0.9820948525845719,-25.168693526145525,-25.941359594988555,1.6718238522929418,18.0076996463601,13.423599750945126
43.457520703928324,5.789811036676609,0.7961464237863283,0.4515056046948228,94.71410774758378,11.103298799677935,5.040790972550701,-0.0878737752218985,1.191619241291339,0.008423770415272659,1.0927527810670046,-30.804125487751087,-31.073071823755868,1.661437797116824,17.88303124623399,13.552539492094631
45.617981212574634,13.709387297876816,0.891429490642897,0.6397116011852095,110.00195950172302,25.566403710494846,3.230207273282952,-0.003643867089364758,1.014441600275509,-0.0005679681639100582,0.9229314366760745,-34.48653231001232,-41.11044906672468,1.852597262693273,19.64719086996885,12.891905710979978
39.11266899346055,25.921217232952277,1.150266728634105,0.5676304505597205,101.37820214984755,21.14633991616642,8.88777711211774,0.007758216134742373,1.266061228867124,0.024267710524380873,1.0038666597011978,-31.47131789125117,-40.24298400086411,1.865771378836005,21.18056970704814,12.68961095339903
41.840180275450585,21.97198910330003,1.1711085316991126,0.403991504962655,104.51476429006165,14.79974060365772,10.958238929905702,0.03777699398335956,0.8136812967322494,-0.016106167315679754,1.2840871333918673,-30.79854779157674,-37.74011665178123,1.8938601545897098,18.950159294173456,12.850978267616604
33.96265558832712,17.44289858266019,1.3099430961825351,0.5347932513855814,131.7078314163202,4.742271746700019,10.523736776879964,0.031196278301443267,0.9096783697205808,0.0006569634968013943,0.7243365947845366,-25.22647299815924,-34.07525486790178,1.9190693374614103,20.007018522388364,12.658910156516015
41.278095603666515,6.813441070693993,1.2142876185842753,0.5325611950236762,71.10670750059492,7.717893369580309,17.496886810177337,0.05108684423158647,0.6040057806602162,-0.01302330200216047,1.2072685351088879,-30.069195006902554,-37.248402239010176,1.9101831230825526,15.805415464980287,12.775953141523585
40.74782189737754,25.82464028160352,1.0314140318082927,0.5801864575262374,74.7141991040432,4.488559501142941,9.547606039700252,0.016483457621576027,1.0582289376204208,0.043191122709486995,0.9542274570734226,-28.33044014036943,-38.21451623403451,1.8755509416251208,20.513281987582815,12.541165185735519
43.256953286997636,11.351633483498269,1.0492097554173814,0.4813581342150165,92.30870447182568,13.23952300521922,14.878351221365302,-0.007668965164235421,1.0399887766836564,0.02903567213255898,1.0639046809660668,-30.92519791787722,-38.13058372212855,1.8179345629857686,19.086559161361688,12.82566592198754
40.170653011218995,32.208306147342554,0.9814113329790016,0.588383249410573,92.92301087373976,5.192102583296719,15.805357744887498,0.08408366779154669,0.8566521052219143,0.014106379924346102,0.8897667940057703,-28.21138608380255,-39.89628433879905,2.008739404578088,20.741453797199217,12.290815650989046
45.16131477648393,37.69144923647662,1.0078211231966598,0.637143002052686,102.7700774342935,11.233891601250688,0.19634788309935125,0.04585683754994005,0.9143967384390491,-0.015162853506125666,1.1990217323605785,-30.785381850821686,-39.49282777014226,1.9415770282902938,20.571849784597152,12.68600092374262
32.83022610004349,8.149910472819787,1.0088212978793538,0.46956536031581475,108.66977015769332,9.219803605526756,10.587141860727137,0.02454480882052379,0.9803362744055629,-0.005662489725437984,1.310747639627787,-26.255112486033674,-32.830430976762116,1.8649273457565347,18.49682477688815,12.882091859353295
37.02129256533848,16.124612450291586,1.1644901441849644,0.3347977892070768,101.30168498821443,4.315371765023563,6.0092468769085,-0.03667790493991052,0.9379676217585192,0.029128294075383563,1.0068872381066842,-26.831113497448623,-31.238117000439303,1.7467506797860786,18.369568591652328,13.083804373690597
36.15739693148537,21.534264179512643,0.9485460987020549,0.6485107369547582,78.48682138326657,21.801569490169893,4.893275883226371,-0.0424414746942304,1.0127587271716998,0.010961796335064602,0.7919735455100188,-29.417167152493064,-33.82813591096426,1.7766742914386684,19.44412282363691,13.089196290885594
42.52003372480072,45.541823345838274,1.0732654575063805,0.5713646213427697,51.83959991866064,12.455258674651045,17.651061292609544,0.03689654240167473,0.8959883216190043,0.01649803833597158,0.9955407640636171,-29.721328378682173,-38.9707113809149,1.9019178229236358,20.293297193646406,12.616390281601898
36.2790309001488,28.045201746474063,1.065192249874657,0.4922916200566247,113.16581892769273,13.70358608035889,18.18375654096936,-0.04586380991246003,1.1575793638096077,-0.037396248541245944,1.1871664275132354,-28.117679982530124,-28.179738755481843,1.75994607488978,19.839742670057806,13.477545486660702
45.74012430309482,10.922368179656651,1.4552813376909561,0.4728296128520449,97.86271590257135,9.012051608656423,11.74504645057742,3.1157367754822776e-05,0.9281838983624886,-0.041145791515638346,0.7205415576040557,-31.002564258940577,-34.31899841526154,1.847910500485342,19.166250998128174,13.17854627050795
39.86865420653377,41.523159008312675,1.2039155028058448,0.5764347147276722,147.15106346587626,17.677924171785577,6.166304785974825,-0.07643721201671128,1.1255686595170726,0.011196739832709328,0.9634584723429875,-29.159970252069325,-30.907883625702354,1.7190269140017735,19.634814559853627,13.30531292952856
37.93800303498953,23.809416112036455,0.7920027854717644,0.37952054062607926,78.16226731427054,7.673041735634189,21.23571500652408,-0.008166220244403062,1.1692557918324051,0.021919190427573416,1.4435087368344615,-27.651408603220933,-33.58295883843453,1.7929437743541354,19.85631453833772,12.959631389885446
39.98916530217985,9.76613415521885,1.10910410331106,0.7096917476013449,121.3490717240515,14.770585739985924,9.954610163940293,0.08087505672915961,1.0249041615257808,-0.04342030957631457,1.3113812338228266,-30.4787341061642,-39.05756792495008,1.997349453799732,20.037911545655295,12.691023731533566
46.378000770212935,10.47240042449144,1.386252411915909,0.2769783230166022,128.7906911189258,15.29812690143453,4.481684465619561,0.0896343244999276,1.0768377271743557,0.003611781707877328,1.2976949824507797,-33.67460994350411,-43.40025193360563,1.9487352383890852,19.710328617365896,12.543680022610543
48.62754155382723,20.440476551543586,1.1172019582811796,0.3679756336358405,90.71972686799141,7.740243502636915,4.601974580111797,-0.018454670247374665,0.8857710670017724,-0.011175719390330359,1.0399447951349172,-31.85373991194922,-34.818430250537745,1.7840813634241355,18.6257413490903,13.207401257891808
37.311549829014936,18.767097139017636,1.2481069925932138,0.4378041912052062,158.73163045270704,8.198854458293255,4.060947132288471,0.0319936392032323,0.8255891427739391,0.01234337008796516,1.1845479290665202,-27.536647786534107,-36.38107908086537,1.9026425431463272,19.02444171891333,12.639844717079948
41.02924492807161,16.137836138161823,1.4000997475200183,0.4657485965407792,87.57571823864858,10.126628687868696,1.4276007994755338,-0.011364971405746447,0.9999594534916579,-0.008208856982116318,0.8648013453938573,-29.15656485153841,-33.7904082095091,1.8162961868726453,19.40870354192829,13.070157269801157
42.273358768965046,30.674004505701276,1.0331513376001844,0.5008241679020339,81.00567214624365,16.580608889857288,11.158798885500815,0.020815453069372124,0.9855142095285876,0.006423300240224523,1.2186805447576599,-30.896773008505214,-38.764831480491,1.8742290778915225,20.19572522316971,12.772696260380764
36.222941544500706,5.1909861325086535,0.9638847016626184,0.5440232411673082,78.64824270901534,3.261460797177222,10.574313305367454,0.05587211121885777,0.9102584588301667,-0.02032181237854676,1.3994977057445597,-28.19155244420297,-35.18041547922613,1.908515089792182,17.775477951086707,12.829057255900937
41.391590952329835,23.643417480610225,1.0603837769518383,0.5573675773252718,105.17197367188147,18.529142752227276,9.82277383179812,0.06783321162966338,0.9933057240816788,0.004757955980435233,0.9024688361269522,-30.690724331874073,-41.406296955384974,1.9786222147926738,21.033600428754724,12.441481396231264
39.65086017282364,13.452300085889185,0.9124741749773817,0.49689117923249476,116.05473476643486,3.9004988555155142,0.028441476156267242,-0.00017683663233460618,0.9370699242424873,0.015816738808703542,0.9858362690185805,-28.09852692623278,-35.42556149528571,1.8452961295350576,19.078571109650046,12.812785152894621
46.571150327053275,12.34968868424783,0.9987783201235739,0.5964039812521733,112.13390133943109,16.640641359220595,20.159743246127043,-0.027769402097784935,1.1498579248508836,0.018369363910988534,0.8823349428119618,-32.568349285899544,-38.775215394848765,1.8065070735504123,19.784260202725275,12.933371892367909
42.52366926037437,30.170087846423055,0.7315583221080377,0.5095264351328136,63.82541438868784,11.936951237069819,1.3868643805399739,-0.039833059589549635,1.0172581924014357,0.009132817017285863,1.292678062671453,-29.603347607705924,-32.91390220905237,1.755660612109724,19.30464655178325,13.179223224446028
43.93459389544154,33.73965708205856,0.748495581361082,0.39834621038837836,69.41622746740583,11.30801609031486,1.6077696916161592,-0.08161857218836367,0.9142565515892097,-0.00011081857936676334,0.8178648895069469,-29.829801185897384,-29.98565331615505,1.67156939260629,18.358499969877684,13.568946241793771
45.673146186922196,5.63528862238685,1.1779858329595614,0.47707220662784544,108.84914134513626,13.001368403697157,0.26187138869470417,-0.0017688970661243098,0.9198907333375963,-0.021873417182403092,0.8695287414240329,-32.083773819311936,-36.64016494695687,1.8414708073335264,18.407255235589783,13.070864470175694
42.36534884734077,29.02294354459601,1.152176499287136,0.3353735259646008,114.58167468938179,21.851939528227224,7.857198194263719,0.12,1.0205158107661545,-0.008868952939310814,1.2970060284695268,-32.25524618442043,-43.72790086565206,2.0369538497869994,21.577108178524558,12.346052707265503
43.21299218540575,13.546089619408228,1.520046792335091,0.5789969137049225,124.27865509664043,10.674629695712895,22.270025399436395,-0.0065705321414836594,0.9366240947460744,-0.0005040443270973985,1.1933167359741845,-30.14627015586903,-36.072462900623435,1.8360322696841525,18.836043609974503,12.949517479573341
41.832158136031794,23.81622286297096,0.6451629945892272,0.47923431001711786,117.67687688732661,5.574295406434072,6.168122784065623,-0.04295868075496508,0.8567203099949106,-0.010554427322900373,1.298269931563234,-28.595735248836995,-30.66619025555393,1.7623468290895146,18.43658134006725,13.284420564472343
33.14723473083733,24.53579215118322,1.030630296729698,0.5431723662998407,122.30866525510142,2.9206129524011644,0.7952846107820708,0.03866623304144767,0.9505604765925764,-0.04690186842393659,0.9403120741278115,-24.711430942244668,-30.854042867895792,1.9264355113357838,20.406350619854873,12.946077872066821
34.46469180361435,12.36572046143349,1.0589997951841341,0.5384563519674184,66.1890480726658,21.962415506726295,10.540426267885735,-0.054439822759290414,1.1460497073986133,-0.027048470234558107,1.2288455828434834,-29.367847882501074,-29.457516720335924,1.7228430633337004,18.64571169300288,13.549266962889103
48.802434281957204,21.54893743852833,1.0229140711072842,0.5315590738488326,142.30882359133147,16.792255442673216,15.793066432466539,-0.06897000490646467,0.9090249610411189,-0.003643375624981698,1.0731282412809289,-32.80031665044644,-33.91471375844389,1.7263523259598885,18.400338880261867,13.375565065488678
39.10996193730266,10.948469462225233,1.0754239422985408,0.4299912419844618,166.60990789087847,31.35194738102507,7.881219534345377,-0.0332561241259447,1.2688053710795555,-0.021303798284063317,1.1440419774698365,-35.32028043416912,-37.19605235452635,1.7788782686359867,19.586011418201952,13.294964912682824
43.5379837058441,15.844414988573618,1.3948181168877023,0.22148833087173014,77.85269348945558,11.587343579365761,11.210050117386869,0.012578912623451764,1.0558411239104817,0.02112084363884548,1.0140939472245702,-30.715475038299516,-36.39151358614537,1.7899483086930377,19.098856139309138,12.975540167541123
35.424615306560355,16.692600506439682,0.7601337934680965,0.6075152354346647,149.54727800072155,12.934411235293105,12.93606214534246,0.0610640971995055,1.0180959261217553,0.009417654541477373,1.1274155469626237,-27.29282130422241,-37.98310144656718,1.9713523097957473,20.651162972089207,12.435598465931221
44.37586057985127,8.366920948664681,1.2200289512794227,0.5370884053725422,129.76273527227403,4.21092298540174,13.646637115166943,-0.0534481062020215,0.847026406326688,0.011807145380141276,1.0136395499657542,-30.25694895440228,-33.55659738449278,1.7510770158503453,17.451949354833765,13.179009374328494
42.412149367979964,26.37475910465264,0.920371386023048,0.6512148152012334,121.59615413520915,11.19395780921557,5.58616607068573,0.04258241591142275,0.8343660532207249,0.014536725771904629,1.2612998509111062,-29.730098546551314,-39.67046812240363,1.9364354945338336,19.71673433278911,12.515518831097975
41.27133842618969,6.965631787355432,0.9160863299183754,0.5826910403340826,99.37629359321767,20.333269817983812,17.013068437281667,-0.02941390869059582,1.2170115442433451,0.05187570394384653,1.139860144257374,-33.38438368358082,-40.82489825933318,1.7851953778077607,19.12344432351661,12.80145025469624
48.61415280164605,41.7167882216859,1.52415668035695,0.42897162095726227,132.78366597262706,6.780038666294262,5.5156580669566395,-0.05554931784931316,0.9223529045419941,-0.017076279117234888,1.2938802456285052,-31.183770855264395,-31.894702250148544,1.7409286813018956,18.990582759250174,13.410157038138655
40.828687449357844,4.476561678766143,0.7304482342861512,0.3266174248101015,102.28246561532349,3.213993802534819,15.523282490385295,0.05144203476402659,0.9549325550316888,-0.00700686446543461,1.2655500273038833,-30.37532084115543,-37.117763963705116,1.8749415614067,17.8587182093799,12.856337669568372
31.81825106705218,21.274555779927066,1.3052160125122414,0.606376097222078,78.31398102448172,8.388738856245109,22.91116286013952,0.001886371179329682,1.1089252516686297,-0.007188090322081635,1.0646176501546263,-24.484491717378102,-30.615979198491424,1.849469417882152,20.279874835223605,12.945749388290338
38.20822857266904,16.483164122999874,1.1798427213823925,0.5367906352143595,123.84408253181701,8.156455181169571,2.72555901064114,-0.04309792708739712,0.6930997022372705,0.034800367931897225,0.8761436974817199,-27.46918422899324,-33.316125803254195,1.7756131995301736,17.354228453759557,12.941415831670719
38.04816348305116,24.519280848937157,0.9499925317141312,0.4015969331747315,87.16251404638899,19.63091900916301,17.659794676072433,0.018427820400384553,1.1372011040954697,0.041739913456826726,0.7135317810789048,-31.372585140091687,-40.934162457344286,1.864162837059589,20.794453448136213,12.588172534459934
44.847800750688094,18.39394598982824,0.6050064457818982,0.49655368403941363,83.31668328198613,25.341570659005384,8.219185074249717,0.02958561809363265,0.9468286024462971,0.0023456833394121645,0.951828522022744,-33.79058385876287,-41.94596428829356,1.8925065311691347,19.913403011012612,12.736696671703264
39.07294150498791,11.712508964020579,0.7098202310356556,0.5771323802872195,62.849918584668615,5.664898886411823,1.8295136262827256,-0.09474799399039215,0.7290466327920974,-0.004424194910610404,1.213818462433904,-27.792610357749325,-28.82323523088963,1.6531511145286115,16.096376263769997,13.673850200299762
37.409169094143344,15.766892773746612,1.0272004843326936,0.598316514966011,125.33433875663168,27.576243131250145,0.9419640554677402,0.022076273888911015,1.1463021595181677,-0.021759048558835023,1.101823431563733,-33.26242635882689,-40.079614899688096,1.8949708830840424,20.534805750036924,12.88427754075
36.686650029759264,28.15608965361931,1.0824002907328896,0.5795232380376345,142.2046248204654,4.143425348978287,5.757764193672681,-0.052669210883069396,1.3028574964886195,0.005573295885560586,1.4162894778152109,-26.17803831915339,-29.263039902715576,1.7567804835498717,20.197848975713818,13.198319787833713
41.815199066788026,15.187718389826472,1.4171682597816386,0.6843887898042003,104.85038284345349,4.445591978140023,0.40487953823444833,-0.014934724319383419,0.9581488753153369,-0.002082357698857606,0.8868141249563857,-28.815216365964496,-34.631886792824716,1.8345153513465897,19.355974267478032,12.965110909710013
40.733972169966535,15.704209749775366,1.197588189809475,0.5846349773916677,106.60337175310225,18.07369973817021,6.664388969352436,0.034941879135012475,0.8921381679253247,0.011271579978739583,1.2640339248073467,-31.282951410482024,-40.26637484370653,1.9086437900212958,19.208153789325284,12.62664349967708
36.945126993968,12.489642430635953,0.9571160567337725,0.4170576148831901,95.95266238642893,6.350162957320412,11.279118303859912,0.03294679744138914,1.17004552373903,-0.010366574541780306,1.2489105038288206,-27.686928738232552,-34.52577027505996,1.8758799802888113,19.96535368138767,12.874920610360217
37.75408065099329,5.811744702674401,0.9089914017720211,0.6166969907897376,128.92125278126497,26.481438901927053,9.955603051970336,0.05414024139044121,1.0084458564405583,-0.04105804230552448,0.9828132071583036,-33.31871416451391,-40.824221378971195,1.9577435227653226,19.66846264250093,12.80295453500723
46.722478826025814,37.38989518561056,1.299525112574473,0.46076593117646303,73.33003052476121,20.80209305103261,12.544909025252396,0.07413913598201909,1.07801377463202,0.004382115917915976,1.0739443929686165,-32.94460086627856,-43.44421178604682,1.965900290526139,21.582944822386228,12.484007842206198
36.88202794081948,41.205546538503995,0.9724431167402943,0.452851215196621,110.73344913594443,9.309293103707455,5.57523270451019,-0.043352619237043914,0.8673627466313427,-0.04056725990587372,1.2574315894874355,-26.590102129478097,-26.76382599972481,1.761539922746103,18.89647511769354,13.493690646753494
43.98365184857996,7.793256045599072,1.0855282309996706,0.57241782094838,121.64715893418594,4.920563394302007,2.1325285403410295,-0.017606458360833036,0.9711806994736477,0.011347212529033555,0.9196093287928485,-30.24332288087841,-36.494688160640855,1.823553010585528,18.755872394222013,12.917394537313681
39.65410083359845,29.92552410692954,1.1279080310089065,0.5560257311624675,92.72223535540304,1.372477496351608,13.603535449234844,0.024237382713118445,0.8443076872642754,0.02516356030238398,1.2890976629943465,-27.69390286076237,-36.918828835926284,1.889727137016686,19.52406016963074,12.603411947130985
31.865248340276715,31.07475629089041,0.6693173805656,0.3816609064307633,59.92506804870419,9.33880342319454,19.366988440836636,-0.03983313866533182,1.190095954709781,-0.02452828484951815,1.3365684834238434,-24.511501256808135,-24.52473530231535,1.7332351400907138,19.721234217901987,13.491125381819673
40.493690333683666,16.358765028892883,0.7822965985590453,0.4588116949647865,62.623893140239865,17.217353043572928,14.919694989436156,0.010022234123066293,1.0629380865878215,0.014775971356156943,1.0027211613124853,-30.405686373352662,-37.50796915533577,1.8377856484221524,19.733004428199354,12.845521676687115
38.845319893755146,16.22342601926367,0.7705528726017576,0.5516662187639119,148.98797493155988,21.283317270752512,18.237603845512524,0.038268071566940266,1.014232499313171,0.03148171829940153,0.9559163330955748,-30.259802366278326,-40.922052083244594,1.9298636893450154,20.406253002737593,12.433407759709334
43.32674257320474,19.09846323784019,0.771078545110943,0.42676459269203726,127.63666690361458,12.396373594675737,16.04878524323872,0.001615095956704681,0.9764230528693827,-0.020515082548639846,0.7512649852294064,-31.022398195848382,-36.13393250363943,1.8498347406670468,19.83526439240353,13.032235507932104
39.677362057564416,29.264021951726352,1.0158238549093737,0.38121099551107335,107.03468769853515,16.193897596659937,0.6723147661366564,-0.03991461632813388,1.014159458014134,0.013415324677141998,1.4618950267946484,-29.296188798142392,-32.70828456557283,1.7505151892143087,19.12970317448589,13.170661447946168
37.14518569269819,24.44868717240053,1.1819032597913364,0.5832477113738664,85.34680318338181,24.574489675543663,19.860785055889927,-0.0542664653010235,1.0692234964057872,0.002177940033454724,0.945889677102776,-29.955085859429698,-32.37866365344276,1.7487921609270543,19.427398628758482,13.250819660992308
40.93169027199271,35.36062145950408,0.849065329322374,0.5775689505009348,111.3450378454177,18.84409439428305,6.824562186951714,0.04423158967622967,1.1200037395857319,0.00593360661388803,1.141940782948274,-30.456554483122066,-40.274808987184045,1.936135216917855,21.460999018344005,12.569898208118037
45.63016196177068,15.148995005432695,0.9698639706434617,0.6172190768332417,129.55716546605998,8.81878958523144,3.9678369508789064,-0.06326043943323098,0.8930902654134554,-0.006318771646589493,0.8922772259608868,-30.619976208904255,-32.26648533489226,1.7444497580978857,18.30782531115901,13.323903727514333
48.0281964751192,34.99378223759604,1.0743297532794198,0.4175452244015459,100.66619304560807,9.120135689816978,18.03498077781071,0.10905931795089203,0.9928751226943705,0.010363024785490156,1.3755991833965056,-32.6456024200062,-44.75901939594969,2.030648257724979,21.5713685328624,12.24695686252128
38.1831280735653,24.95626918275352,0.9666564376251289,0.5080456414003482,52.313821479029976,4.0658252498403105,6.532106230425322,-0.054860996987520755,1.0649253483105197,-0.007716540480199613,1.0473914628046121,-26.807505917850385,-27.44104168463263,1.7227873536987102,19.11351222694996,13.416849497608458
37.43334451746205,23.846530142280894,0.8211184056334601,0.5845846941698813,104.35557753251557,23.8672491550684,6.466906939286483,-0.043324527630177946,1.0703458596146018,0.02431268513960982,1.4182055902226747,-31.293406026151747,-36.23430625674064,1.7658719328310033,19.34342827533206,13.043327059921278
33.098215203417666,19.438342542448126,0.888603930188861,0.49668276461134864,115.43482359246607,15.260075765722858,20.69900783833162,-0.027518917011210488,0.9416350798213406,-0.014369122190828351,1.308548829402473,-27.943923773756136,-30.847891543130892,1.7885153898570874,18.77661021475962,13.212371323273775
39.431107297965646,14.716874999443107,1.1945428676456027,0.4631395488212969,80.99452270185611,20.98858543713142,7.1029977880762285,-0.0004778298571660269,0.9440533003030279,0.04065097632923712,0.9902480997411413,-31.04470822179195,-39.23440535089977,1.8285207601007765,19.012390366451726,12.71691492826496
41.43476511565465,20.666655767529697,1.1163530571293165,0.5747469493577061,124.09311175171105,12.34704944160519,1.0196655704441104,0.026455120764230518,1.0531114189870998,0.03278210117629664,0.7835762809378269,-29.533271182301526,-39.841883089325776,1.9099767466574056,20.73390346772219,12.490098704802733
45.01245752368019,8.422057881912249,1.1992571385136075,0.5000302510948261,136.5980869776008,11.408428370876496,17.056707352008473,-0.044004876941056564,0.9259367377869013,-0.004363027938909816,1.1513040172497657,-32.099293606706055,-34.554200447456246,1.7595049864275922,17.764662659657827,13.253741719889105
31.698244714089135,12.267116081066575,1.1169113358921055,0.4547973631662,60.72158342726237,7.576693712836532,7.393288217366239,0.08052748036514847,0.7379974410967096,-0.03509526868638667,1.1272671911278302,-25.30012690132387,-32.860471206897444,1.9552516291783621,18.075892367834484,12.77146494234821
43.147325846454144,35.53243856298096,1.067466330778405,0.4175787748104309,70.46754683893907,22.448472160595493,14.711654865092042,0.019581737975576403,0.9005214175854055,0.03239402958721952,1.1382453125217498,-33.67368101696219,-42.384937927194,1.8566954981996258,19.761934571565018,12.670424850116804
40.31085109268756,25.41662271260549,0.6780224282279078,0.28805833716329143,46.614278407132204,1.9740082087653876,14.349239389307968,0.03392213291185691,1.0683670094025666,-0.0008113304628117551,0.9649261407169676,-28.28908679074415,-34.378793667318085,1.836951048469418,20.15643573063331,12.94826919431607
48.15577923820496,7.83733312695878,1.4852745148410775,0.4231461962799314,99.36719308143485,15.855154483578888,8.01485626389132,-0.03330994604461556,0.7826834700475072,-0.011323308920133444,1.0540899721322827,-33.30817852814151,-35.435260960082104,1.7619493646483886,16.872866324667857,13.29108398760055
39.628791030785344,17.501737866568014,1.3398968876974038,0.591079254462216,89.22791902520683,14.091717808595407,14.669147251635742,-0.037315410415393956,1.1234330448700542,0.0039217965935924946,0.6913924939142941,-28.594705149482003,-32.98257848081705,1.7879153340633813,19.908253285916427,13.093653546160539
42.05512741118085,17.258100515689684,1.4752448708217347,0.5750457026807038,89.14202305293804,6.061613515042763,7.456802039533653,-0.022655557426998978,1.2752288473787226,-0.003772144089897481,0.7363764192062595,-28.86223717413301,-33.77535914206485,1.8125174066436374,20.592875408577047,13.054607781453967
33.20432463495146,20.372637924823277,0.9153942653525877,0.4780861264945705,99.4329591880731,1.1773116972229067,25.13737198435531,0.017622600660343848,0.8641825294998207,0.01951491767855613,1.0869292400134967,-25.053321695032977,-33.39138189747047,1.8705330425976496,19.180748979091693,12.702955514026497
45.280310958192274,15.353200318593409,0.8116717028267593,0.460693674485277,114.3881248087784,5.1629469159198775,10.489805121945878,-0.05768830708112056,0.6,-0.002970783989381158,1.1169219614482955,-30.30797468686691,-31.9959437845933,1.73094412494085,15.937082859035629,13.353305804641089
40.30726255017326,14.520444622019241,1.0358695672973313,0.40782538014532804,107.00931394955425,6.509590156700334,6.737536491996881,-0.08021206040375439,1.093029134056935,-0.001779178002162752,0.7389040462239174,-27.96911312999409,-28.14867375316354,1.6916806676609695,18.762460679450125,13.499315770872842
38.26756019969103,18.099589769023428,0.9268582768861503,0.6126472838203092,66.4160228226979,12.851566842268314,6.182625736200895,0.03140431760892189,1.0342772008831638,0.007401284569772301,0.9525023398669964,-28.38888959172095,-37.15661802469315,1.901608947219184,20.313338900796946,12.674253974800052
42.74608284007913,17.637743084632,1.002094259841704,0.40946864994049137,61.57240297960759,5.408311730127728,6.248797688220616,-0.025090057967660347,0.9691194940748289,-0.010982569422244985,1.086049220794008,-29.382601528832353,-31.41214326973789,1.762493639390519,18.657284190778913,13.286742235406539
40.39654585261182,39.17647573482229,0.8553286502463018,0.4987508579467857,52.87333551776599,4.254423889427461,4.6379706661371145,0.07564696789031773,1.0322004352907013,-0.013791072369312554,1.1283086439345333,-28.147885504705194,-37.6224165219143,1.962220716040978,21.35943244844204,12.610313069655279
41.224296775612274,9.417806489103887,0.8172848022073449,0.5886383446410759,129.43533830644577,7.169752254250718,11.00807873039717,0.016056948433500553,1.0362614498531442,0.016507878021430906,0.8027036536186378,-29.41964835277537,-38.40678441249893,1.8945109032753562,19.934157954779494,12.640968025800136
38.35481570322141,9.398446829366636,1.3571286365874489,0.5176663054729351,61.127993570939545,2.420605888986314,6.0257058825463785,-0.0026511588501855615,1.0424315420962593,0.005745249275305103,1.1216830825152826,-27.988647573816113,-33.44598176675622,1.812580817656257,18.757122177210256,12.992465642809838
44.056893951290945,4.4040074938663984,1.1444537787393978,0.4183887996832017,107.84942620982693,21.52877296474867,19.409780937058876,0.0258683275083257,0.8620683235718288,-0.03156610638967778,0.8219367384009624,-34.44855751064445,-39.968483891716225,1.8854304226355254,18.25636982929653,12.98207208310303
45.14248344866262,7.052480320167812,1.4342163984693486,0.5738818610450169,85.38642184747506,17.895653977941215,2.533362093892313,0.04661382660407776,0.9792427607768011,-0.03129192512253366,1.365146565158446,-33.60020760781456,-39.896863753214255,1.9057447101105085,18.57885980015461,12.910867981693274
31.87289827121509,27.15280788643677,0.8156189423477682,0.5957420369053082,143.99448906648536,13.900293791559676,2.7662597522759844,0.007812539302405474,1.0722868415625035,0.010016953710608933,0.9527803932099689,-25.50727813188939,-33.71791434212823,1.8763197014709156,20.63898419811231,12.742848228244965
35.72275997355967,20.19260991366131,0.9961539911307893,0.5801258841727001,109.78887080683089,18.065908332085932,22.434083464030373,-0.037725562069849936,1.163246079584416,-0.005477760761073289,1.4585702069229913,-28.318931642835302,-31.272260593417936,1.7736497264306794,19.56122888433923,13.208183200444187
40.708640984778725,49.07306814179413,0.8879785035083375,0.8180814918114508,98.27550155911369,20.065696568278877,15.390208542742663,-0.030208279152950802,0.938050927822391,-0.03494184195013403,1.4800957461491098,-30.242206594914403,-32.26914865074842,1.8074929342425048,19.683931730353002,13.282175502869645
40.44865000815822,23.98997365087842,0.8524656798683914,0.40566668544787404,123.32929166312877,5.4308779333480794,3.254226753640552,-0.07432402396461198,0.6888196515054879,0.01257235656810167,0.9649167832377328,-27.798845912240026,-29.213463960067372,1.7015105788084703,17.047929114805967,13.364536502564738
44.694389800169816,10.949779721630264,0.9466737309057572,0.4618836452755028,106.38450699637154,22.782062944850306,2.492827558978325,0.07915629616761799,0.8286691712493635,-0.01901254413998012,0.7199536408418556,-33.795264710380046,-43.550255820066795,1.9954443250809448,19.63561024509762,12.53812881046474
46.35366167758088,9.634918371052997,0.8744774664385717,0.5875473295145223,109.50189646641542,5.242166687902894,1.9911983004313267,0.06565655762254942,0.728349307338249,0.028794892112022446,1.2029437409684642,-31.743375128974915,-42.525232475158106,1.9629512468238208,17.83550517151529,12.34426127867982
42.468409569509944,18.83698541580766,1.2563926967317716,0.5013034617308519,104.96699206064775,5.346054696516867,11.424106141930618,0.07800610685321185,0.9842353688072689,0.005889631774400951,0.8176853521948437,-29.589229934946623,-40.66078488182094,1.993231138869287,20.95372414022943,12.388829164816284
36.60878075412093,14.955214972194035,1.1226423271996988,0.5145614107354376,59.07883160981352,18.465600212868956,11.485219355040027,-0.10448302393767171,1.0352250568074273,-0.022263124511933293,1.0083207153713667,-28.44863841249758,-31.023884662064127,1.6343137500304017,17.832174303423248,13.877318213293742
38.87749390029683,21.28682960737122,0.6547896331655949,0.545021645244198,102.93003475767487,1.6875649781324802,1.367627908188144,-0.016516354670442726,0.789153084486925,0.028172381500410407,0.7186616606333623,-27.106143209883903,-34.41991721681096,1.8241249232475267,18.75547354545001,12.809258976330183
40.23119759061175,28.359200571530106,1.025038526812724,0.5557150670061339,79.95601193340285,7.290010917056087,19.68228744289202,-0.03299904828515988,1.0021296878166674,-0.026634882709775626,1.1796883806944876,-28.591587282188534,-30.139444360019088,1.7809763694091014,19.44290397284407,13.323468333344126
39.04059308996758,15.685626147507158,0.8410922560352903,0.4675575994213393,130.717788964296,11.47260811424445,6.572096548084462,0.02606092865946932,1.1661505051364973,-0.016391818406403844,0.9342957974070658,-28.805401779379928,-36.04285907421059,1.8959860875164571,20.72651859731389,12.84563632264792
42.0494697627244,22.8546592866492,1.033713882028334,0.4013310906804045,78.92809881580183,13.933244490835817,11.30568543248584,0.06630511769264874,1.192765021785587,-0.02203825195123698,1.0269079019968566,-30.462891737021437,-38.88675445962642,1.9409216265193692,21.431304360620246,12.732665448439304
39.035628364655835,18.257472127309438,1.0212200581949171,0.6532161448226117,120.01272807842179,12.793639515061344,9.523326240356294,-0.05679092149789963,0.8833938315059797,0.014756729642070457,1.2039655705769354,-28.652627577799056,-32.114560787627205,1.7496710606730284,18.22330776052933,13.165128041607549
38.35202914014397,15.616187597575689,1.2930087604341394,0.6628030501287802,139.0414348820721,17.03534825555388,8.641127943685417,0.029122651239629073,1.0006250564479708,0.023108526436027517,1.0618387836250975,-29.34360468518687,-39.222627099231154,1.9151162710645837,20.084067188547643,12.532157279952246
45.3499213170451,36.49620903385876,0.9784866580566942,0.5048750384658587,100.84983764435125,19.57135309848634,3.5434359446382633,-0.007070098082156167,0.9121681405274881,0.0035633620345267474,1.0858164948316027,-32.125831451196746,-38.294045802022616,1.832472886318305,19.675677667491367,12.935793799110469
37.048220997332415,27.986065322320854,1.007922535544206,0.5421019166190548,75.02650522155763,19.061360357270253,4.735205710345943,0.015231519789349935,1.0104253042093072,-0.005198483747774077,1.1222024958280827,-29.099568108490132,-36.00419509685128,1.867073952433445,20.213610311393193,12.871681425269326
41.24529882725942,19.71974879249645,0.83449078040554,0.5404417339947156,81.57299707416972,24.706385287726963,1.9842900919617854,-0.02758154624858307,1.2258723545770964,0.040034585401495563,0.8337872385346266,-32.33382768072237,-39.56503415244984,1.794645606609675,20.28456133860479,12.84017730863127
36.89576650554669,48.25703127488067,0.9095070574950719,0.5650692881548253,103.24793996125379,11.887462455716316,4.472092917844061,0.08966893171743721,0.9471427315065528,0.004175896351032613,1.423980463907037,-27.458461143748355,-39.05006104681148,2.017324454843799,21.46243170390621,12.325129435368527
38.58780664895772,38.771420444158245,1.0090502039828786,0.506167886791959,137.64943100598038,2.881134576287274,17.722807647962203,-0.05662407387177616,0.9414332237319314,-0.03176320090540467,0.9971448814393795,-26.953471617084833,-27.14141106761565,1.7493958160085068,19.174439279410898,13.478744088216253
45.640445477348536,9.374634543119136,0.9509893214865417,0.6244898781280862,103.52089708403827,11.88475339179152,4.4174621894343495,-0.12,1.2886642812500768,-0.026781053407073853,0.9655856628178987,-31.0398807579457,-34.085167966886495,1.6320144623963926,18.43307445817677,13.919286777920394
41.52391385387048,17.71315167104362,1.003904479255148,0.4942829745040208,70.16649508309075,24.11409080853808,2.191754716684631,0.0205935933541906,1.0891117495563007,0.0028327411447113455,1.1015161354766492,-32.74493979046983,-40.05952389623752,1.8645413293503135,20.07359703547854,12.828739966667285
42.537189921343185,9.907337501731693,0.6314287758120408,0.5800339834996358,115.8008179357237,12.28710631270006,14.976459672913542,0.06338425625491337,1.1090082614403152,-0.026114221054514625,1.1378469662949195,-30.926098612373153,-39.66424162719789,1.964436823541495,20.58374212936606,12.682685305528928
37.91203961789436,12.145641418003386,0.9379479246365885,0.3771294692134278,79.25767853323114,17.29744903061334,1.5488314308149178,-0.0066098834122835515,1.0019990885998424,-0.002334627652958062,0.7570897147244194,-29.382950922083275,-34.159591835529994,1.8093841946730789,19.188281649710767,13.056489271987465
44.97172363038152,29.983828114801085,1.4985261860970094,0.6771394518166065,76.28119554682607,13.285542010287926,6.4614469302896556,0.008436987001404201,0.7055629590833834,0.010926602125857622,0.8923040239303265,-30.760466621277345,-38.53582301240821,1.8705329694285433,18.621733253612025,12.756800553623059
45.66298892997289,33.85256548736139,1.1391923527893202,0.5235028801140672,106.31285888561636,14.55783555450107,1.7239152335489285,0.01841058546059443,0.9247630368661208,-0.004871725656892626,1.5127524035622812,-31.504075746413807,-38.77850568238517,1.878374833719194,19.930641341902998,12.830795947838055
47.22378878549564,11.085237063669432,0.9592894551817014,0.36757065251609944,59.4938368533505,12.16486501692991,13.44777738510637,-0.0013633245609524522,0.8158548814616491,-0.020822952374734527,0.9527845261813688,-32.211981959775756,-34.921557279870484,1.7951459308551307,17.655431893450228,13.231338183648203
44.747557675062396,14.153218955595875,0.8052269393686926,0.4829148858790079,117.43084831636317,6.491905602604882,19.80344244001875,0.01992918494769986,1.0665817307190615,0.01176506026019945,1.0336717264613429,-31.057270885124932,-39.3666155035971,1.8795923220853785,19.9853029271139,12.720746316261154
37.866614745592486,12.856538177835404,1.35802995092185,0.4782551449348244,45.150014601205335,6.140891377866989,2.5465595567231993,-0.0923324088700055,0.9872147824167058,-0.00047146458004704593,1.126879784423679,-27.332535526212386,-28.402536515800012,1.6356216757317381,17.347697259329394,13.719719568613263
43.22379490308395,29.188408176121463,0.9075855376319775,0.273774087278586,110.56598837570085,24.618741812357314,4.4592934097409165,0.028831341431185816,1.0305143595870456,0.03063697879530853,1.34967799894489,-33.30896821735658,-41.873002519244984,1.853146900247372,20.072226083696425,12.693356500814822
44.442014708837405,41.40819880871464,1.4972031706520947,0.4239437174668307,112.1268995142383,3.912430910931147,3.7082527542093375,0.04251208558673681,1.0727681255606627,-0.007688200369378005,1.2902155238996291,-29.737620879266036,-38.20445136946085,1.915717311698525,21.143470830614163,12.723144864395902
42.21372584266233,28.79005571620835,1.1347651307636706,0.4995845436185464,94.2762870609125,16.7256993216794,0.9185879303146489,-0.03407926749005551,1.148900317027899,-0.018959327758155866,0.9567942967115799,-30.31682698043238,-32.44907072798484,1.7806571060259733,20.09561229798573,13.272434988610947
44.08651712398374,30.882917845743712,1.100823323355671,0.4206908887878201,47.385937483660626,12.943998978508759,9.965556603150784,-0.04406514091705941,1.185388453067005,0.004796837537451298,0.9291140958547992,-30.451950367727143,-32.12702253488957,1.7285789950311443,19.757782804316268,13.310688384937984
40.586045686218014,31.124078151065987,0.9993401133223864,0.42851490801291303,106.12284512777943,23.87100070533352,4.187972540231888,0.001971829388632594,0.9656008512477601,0.00600687665232878,1.4439496303242296,-32.150836734447886,-38.6101801317325,1.8357382820569241,19.709766728274627,12.908578041493223
44.818532665059834,5.9824388931929295,0.7263611340176448,0.4219839721731985,84.66537280793423,8.725585900190708,13.376075629435922,-0.012722339617945156,1.3513190744533485,-0.021675088717379425,0.9963530812129654,-31.278223442256827,-33.87295672027213,1.7952675421649145,19.707805469741846,13.236650933237721
37.10886724812337,44.520646843433475,0.740253863159172,0.6413380966937849,149.0491490823885,12.223884815495223,15.048668801231663,0.037842649383055864,1.2347427687261496,0.008118100008073123,1.3363210422901721,-28.18873353301977,-38.131320694669846,1.933589835045704,21.958664236969337,12.564533785774296
39.98511172277081,41.06326000936987,0.9159790291903549,0.41589370540536374,120.5498434207004,22.861593824673733,2.6785188037336782,-0.08583284382847796,0.9397607307749652,-0.020117571211623827,0.8105738800361435,-31.055261871646152,-31.44065562031612,1.683662084700376,18.65443403560259,13.657456024752886
38.607485937535536,5.134681963064221,0.8767313405316135,0.436008037587228,77.98447588599409,11.055111766043693,10.860479419294292,0.022024485474676034,1.0165158224992594,-0.00671206840017657,0.9820776990402378,-29.37362700116294,-35.62901981003585,1.857089294925791,18.676224035821573,12.916066996420565
35.7498415396405,24.212300158599756,1.4230758219194026,0.5159628819462838,109.92879760018147,11.263628291578286,11.770153801455244,-0.031903530984388674,0.803244380148686,0.008938917902723184,0.9064392482161365,-26.42849783070698,-31.230708798022988,1.7910085088611065,18.518277099182548,13.049774284692592
38.60954012168917,21.935137009687374,0.9380269880023766,0.5992719093222661,102.82125868131557,5.306269694676717,4.271638637915196,-0.01578979512145658,0.9057567606294168,0.02636199549603377,1.3618957250203865,-27.422059444292657,-34.42820855213729,1.8173896185032934,18.94591277538884,12.844285756604222
38.26753104362541,11.426159131790435,1.1719111557761455,0.4673106250150316,101.06862234380144,25.822004523553694,8.119601002414736,0.006114976522869856,0.7770413233061887,-0.022435437053911596,1.1164898948289335,-32.32536297369184,-36.81914268169387,1.8420565765051131,17.69611755486618,13.072542257677476
40.92240387079384,28.339053059346345,0.9240858046356784,0.4579444849322401,130.10203866682954,10.596662062594454,5.21673174829284,0.04400406652944077,1.0629793712379767,0.006894341492373057,0.9091923416870308,-28.925618386961887,-38.56137283650468,1.9296430030965215,21.0884817120585,12.585017596439634
36.66750572678293,11.451400711643252,1.0528707097156875,0.538024120124084,39.864767827243725,24.644189304850116,7.979006229138376,0.020454575910897634,0.9077865523126893,0.025362439695499082,1.1232489344713252,-32.42167539906865,-40.10193104828787,1.842174067367026,18.4116686937568,12.763806958675461
44.01856963171655,30.313018925369768,1.0667279856825402,0.38889856349559926,74.20509868900018,15.847690494638794,7.220355627623704,-0.02250582645609926,1.1540369840305897,-0.0029123479252201414,0.9791475425061278,-30.79749928144677,-34.15624321139734,1.7775218068194145,20.087060026164544,13.176805154204065
32.91224639821455,8.188342914337376,0.9675027519605762,0.2391497149913127,54.41979335583752,15.496381933235911,6.718666134072301,0.04418362385057931,1.0340573921728402,-0.025364217235729902,1.4692537518638655,-28.639958697102507,-30.954540342405643,1.7935538402036963,17.50236998944419,13.268012642241795
37.51144754386788,32.39676084702006,0.7323833031958464,0.3719528449309526,68.64168545204062,16.807710821801685,0.06158857340296997,-0.011604906870479987,1.1336336334992834,0.004342308174870917,1.3226426990155207,-28.79156565534883,-33.219001970193354,1.7878305458663608,20.056357145616527,13.091222561255108
46.34683869940839,21.1418420973693,1.089825179110294,0.5643343215679062,133.9230499221716,8.064636633372537,9.909645675219123,0.011592781094997008,0.9497413355091651,0.015076874320373976,1.3886459909552311,-31.115491179296445,-39.256646493243544,1.8702126177432745,19.537888954469466,12.731785217138967
39.604286562069625,16.803415950230608,0.8775066780434172,0.6414298638862352,45.600972965908504,12.947369389571188,17.409079640020405,-0.06136429321450026,0.8714336243313772,-0.03315699671737954,0.731933803829252,-28.2942560588636,-28.484468941497354,1.727922544682265,18.22210487297101,13.57200924714075
37.856315283907634,22.132236022261615,0.7129387840300675,0.22724850848741568,75.91354379687202,21.22555629173786,0.41845876663961246,-0.005050896928307439,0.8654646857679971,-0.039167330203987175,1.1473844345139024,-30.32529856704531,-30.682923502164027,1.7622013368028275,18.305014452116914,13.481326222062116
34.444971666911705,15.63500839918342,1.3577494041965303,0.6501112178729169,71.63966008668972,23.62316580999024,17.592490822403708,0.010103642303526006,1.0524984183814425,-0.037183380432051424,1.3769999044664067,-31.825252421976028,-35.75510697817995,1.8541145232332066,19.51306521114078,13.12937929300151
42.02306443692421,27.793135440126232,0.6840167941425767,0.5700036437465078,79.7058899774828,7.845351468673685,5.418867532733563,-0.04890245642820427,0.882423308584158,0.014310484108060585,1.244004233153048,-28.750512460021767,-32.305701084736256,1.7523707779554503,18.643826788373957,13.157876425567634
42.42477795725245,11.417787888662119,0.6862595904515684,0.53094669436579,86.33284426594047,8.66428575559172,1.6759297976256544,-0.0013752550346544917,1.0722234590772943,0.005793724107769578,1.1893354527565982,-29.942396332687792,-36.11866880445791,1.8297611328355272,19.31426306014922,12.931014596570266
34.567342467934296,19.700425495800555,1.1750085532971182,0.3513349081645263,96.97005670880152,7.666429010203385,3.9670435440120144,0.028593928468168064,1.0942876574420852,0.03942042973631216,1.2224707139713515,-26.141831088392546,-35.443284376829695,1.8632163068804575,20.070754262431628,12.605410674248805
37.95937333724572,19.412517955074456,1.3972261648467428,0.5322046181484639,104.84880177765208,18.527208882302173,5.964046092513794,-0.09601189040568137,1.160138534858392,0.028920783873212924,1.1928528676529544,-29.705158245053845,-30.570776317223295,1.6661662786347697,18.69853690603145,13.397819468335245
42.391649965337876,17.126661272412427,0.9432237059167334,0.624525261229069,134.78797684465303,11.161018280036686,10.737292359797664,-0.001502890905958343,0.7076992611918601,-0.0042584679464877295,0.9767546133227627,-29.630472084274043,-36.00445438941637,1.8582818809240922,17.993642636840164,12.896003866963623
43.99496916529953,17.046346682167858,1.0811689954609633,0.5347965447262543,147.5094980106636,23.183321727340143,1.0326860007036647,-0.035386906686224046,0.9843407003549992,-0.0007267547676528122,1.0177574369093487,-33.04401498689878,-37.10484814745444,1.789873316447257,19.10283250342192,13.116893280523218
32.97249044194009,21.688382609874377,0.9283431297667258,0.5415136433260895,102.42848090989838,5.635409031532873,4.319113625601924,-0.03050271779469701,1.1178790926216131,-0.005709033771777918,0.9962094405274713,-24.5995702578057,-28.405267396876397,1.7923058649860977,19.877214937557913,13.140789304137149
40.44515781068641,14.172195641543354,1.070732100093221,0.4238780894215453,80.7499860285267,8.493887784431914,0.026489870710078023,0.06295423896385324,1.2372535280177128,0.01221282741058495,1.0501208517280147,-29.1985173492953,-39.21740659366265,1.9347049954637492,21.04733246957332,12.535479959441643
37.47809023721757,26.79310283569776,1.1788612719344402,0.5322620168470105,57.15270339039898,19.50251602428472,4.624265279512958,-0.06872688284979071,1.0919197840543249,0.0063104547622738075,0.8889883894232963,-29.123113869397137,-30.018224324975602,1.706400404551237,19.196065685560768,13.386831492357517
40.04934874999465,29.16301609096546,0.892964228057038,0.5567379174374245,67.74438635200754,9.901943350108706,3.136052182923521,0.05172895443675061,1.021880912336369,-0.009904689083364308,0.8708494247656918,-28.515046165433425,-37.436665517176635,1.9364739627874905,20.989964765337945,12.668929777897985
35.32779380384576,6.7105776480743495,1.3822229616004713,0.4747527850929853,107.68880232885489,30.00308547102077,0.27916735868775167,0.059352703739802615,0.8279971119941186,-0.024839140893895297,1.0886624308689126,-34.02596289640235,-41.75911072692885,1.9398975292993144,18.20328473232668,12.75430317558545
37.25333429771115,30.958866576020142,0.9625200757670798,0.509383011637165,123.97095732529644,10.385122407491073,6.320159708098246,0.05340778006402959,0.9749760646439244,0.01583482988123932,1.2961570768367086,-27.633016867328763,-38.063350974519416,1.946960896276149,20.736655107031524,12.473665613128263
42.8021395203642,35.55144225602579,1.332314882772081,0.41614760042589777,73.08758154271155,2.997456277307785,1.0328671481665914,-0.036620158927594564,0.9018969063007761,0.021527351924672155,1.5053157026008068,-28.79877110500704,-32.89451190927736,1.7519987258447831,18.80450648285681,13.112707357758135
40.36926670319472,6.960530353227197,1.0644688255336723,0.4253504052207917,99.4993528513015,6.949317813171738,5.846658889248828,-0.030309222221737687,0.7883948031296919,-0.003950330422919133,1.3550013541524728,-29.605353900733867,-31.817117772521453,1.749451882124758,16.2487582164284,13.289014121738761
43.27277307448051,21.304208538188604,1.3719053018944565,0.4059161105237937,112.4316025144707,26.643567299505605,16.972227065831703,-0.05768572993446533,0.9424167597754182,0.015419805566802749,1.1287656813058728,-32.96500113802503,-35.3877171850836,1.7252405388207372,18.455461702081227,13.253684238353188
39.250767507473384,36.562636555193116,1.1881579379046752,0.4719367018151457,42.72971419063987,6.007779992174799,8.664792257569543,0.0669938592008106,0.9956364631723134,-0.013202824747059774,0.7356186481309839,-27.894701641403536,-36.66339543725978,1.9372508644799282,21.04538843088187,12.687538737881956
43.46774015181317,23.40094063844461,1.053426760689892,0.5094700010504238,124.83229661138272,17.91988721998126,3.444463368805021,0.05142548036578279,0.913323454765223,0.0013991505414362605,1.0988973518701042,-31.55883272561948,-41.14560721960389,1.9441493075965273,20.1959692758248,12.572332113735733
32.29120513109039,13.499148757030419,0.6256384518979967,0.3565818968069132,106.93830111437637,6.336602394261183,9.796264658384214,-0.07510379594968371,0.8595578002834945,0.018339916895720006,0.7841767339819304,-24.346763309033953,-25.609488538701406,1.690456349875212,17.72202492183612,13.37013823249887
35.44222631849533,26.41098939986712,0.7561935781002075,0.5555927537597654,100.13232523184787,36.52435734624041,12.741416767701326,-0.008041805000922294,0.7080892188289926,0.027775219928288002,0.7943324865381429,-35.28481936458481,-42.975586129378065,1.8383524405020157,18.377878266476785,12.762060600566183
39.3627482229478,10.717613352780596,1.0375625461742752,0.5219189338995532,98.4069802328637,6.1722348867356285,8.25413100210612,0.009963161890149013,0.8668042786854182,-0.016573992895517274,0.8145376557161441,-28.19912975154674,-34.22169637616544,1.8686328204027898,18.850299078187387,12.94051113884513
32.88779312518806,5.121851361112599,0.9713138744462317,0.5614086081761768,116.95453418331853,14.080391153889824,5.35713265679809,-0.00037960662067851834,0.7557253467302362,0.009156396256824755,1.0482496442551608,-27.319589013172735,-33.953998132781244,1.8449839309669125,17.025612076739325,12.856084822048636
32.477332234994705,21.5757700805072,0.907555955975906,0.3295417292083971,120.25186861622495,30.433762771945226,17.793707440087015,-0.047420297799159725,1.0255859764063544,-0.014014686532704797,1.1905366578948287,-31.964876716997335,-32.55544065714924,1.7307895146667895,18.81022185519579,13.428481678726428
35.40227236105088,30.81040004456585,1.1342484717183972,0.654569117527809,99.66632168089329,23.554409652882395,3.538732488904704,0.048099802840412605,1.027533860185177,0.021969464392230784,1.0710450093001587,-30.718743939575972,-41.47058303340618,1.9465334205179352,21.079480087939352,12.437536539025585
48.55881480074234,7.287685649559572,0.9253148317308986,0.4374914954618093,59.76262866934527,7.744441055127997,3.087671060990287,-0.043565589142274985,0.8980189500002509,-0.012251997340055994,0.8432492151000557,-32.385887292271974,-33.488126658887026,1.737437757457487,17.602387698178877,13.390800938275785
42.508015280692526,28.09617461699362,1.2270888029570175,0.5712918712439558,101.2246191953107,6.516139018804475,10.756659312656522,-0.06440371162941541,1.067155804757418,0.00260843684140207,1.0502145250530934,-28.688412846452074,-30.382270282157403,1.7320939770008077,19.329266971351277,13.311679678923438
36.1246906418318,19.98791701560519,0.8972154963679648,0.5161321830486937,105.92081617129605,28.269315710053764,16.044762053559623,-0.02615473209126473,1.1721755190068706,0.014213510665237593,0.8805894203392942,-31.384441037391554,-37.12651140950374,1.80098974654668,20.152033952536772,12.979678812436308
45.64837231236293,23.5937241110337,1.3381860862449173,0.5805414263923746,77.84282590432856,15.515697906614848,11.125748350597371,0.03285857474270603,0.9508902566107275,0.0074522757678410845,1.3630043401861918,-31.9462998770824,-40.56750140526903,1.8988194495549748,19.882575438214555,12.6832392509171
45.378627502671144,18.7456417994583,0.8447681288804867,0.7104833218413702,45.59872441352232,15.459217830307193,9.632948611274722,0.005707191954010488,0.9378884344640758,-0.025440184038373462,1.105069591661314,-32.38835456663396,-36.99274300221957,1.8478667076101853,19.313386577882508,13.072079823742051
31.77738395235992,32.148542183931724,0.8945126737688343,0.4826301571733355,132.41074239516627,6.9973865354097375,1.0351847947788082,0.07936223372525282,1.0874671761006471,0.025817138272686058,1.3508667072690188,-24.526950877914775,-36.53220461326975,1.9935283644709754,21.67244879601526,12.266991853002692
39.73904327906458,11.953959238443517,0.7513771790003981,0.6065193031702857,61.653718351929676,17.804016180855044,6.675174084268382,0.03622102098306521,1.2523299949853195,0.0027357729516322995,1.109263173532809,-30.488959600689647,-38.992149342932464,1.8993862926725833,20.67996156293339,12.71113577198702
40.475621531754065,42.3492214047853,1.52901460194908,0.5153633091059209,91.60510534374322,22.90971565582998,5.45790409231273,-0.042694417299818314,0.9742171178489161,-0.006951057423086802,1.150731940873861,-31.063464448612812,-33.51220199752028,1.7654306578389518,19.463447636527246,13.248710277278116
45.67411962642141,10.9957665231369,0.8988687386977241,0.6237803614365611,92.9209945532563,15.455239749286477,4.622111093485296,0.004201761119044147,0.919499411963487,0.016508090549740586,0.9723453532699564,-32.21775574780066,-40.02397495673226,1.8596686012041364,18.942523885221846,12.758836223251047
37.49746954658359,9.46850774788063,1.1073388042342613,0.6270082248058211,165.1407584325903,16.318102390914845,4.015386014427271,-0.012068161453237115,1.1013995386161959,0.0239940941401959,1.1770394836182656,-29.238462082208244,-36.65404119257906,1.8322302616984156,19.30882199891522,12.80694398228394
42.00423891530651,10.814887046395647,1.030888743732514,0.2311601021930258,94.32521396657036,17.633479641438186,9.234739924297266,-0.017685808024864608,1.0484289448590842,0.009432988637533004,0.9301037392135034,-31.224114926193323,-34.15202698059306,1.746800996636139,18.455886956742333,13.210638223730946
41.37339374506008,10.093309799680505,0.9639374129915717,0.4469094417655043,87.64673603150112,3.3465195714621645,4.456957363818997,0.0066033908072225915,0.9474548033814316,-0.003067742802951896,0.9313678966461991,-29.143317502551476,-35.121540418247335,1.8421406390668578,18.84185471433827,12.94464205278063
43.97664697750604,13.114679107676743,1.1201317555205597,0.46791347689873186,101.57976010026974,21.312360843513098,18.385944652229995,-0.038479453518548194,1.0238483518711552,0.04559526623958153,1.1592675145525249,-34.687997680722766,-40.79133731382721,1.7603824545742284,18.603144276122308,12.930012415063745
34.97992664160598,35.672581128928165,0.9397628134819653,0.6148900665190545,99.98401983267479,9.19749712421028,15.614371919313232,-0.05458906540924885,1.2813267269330706,0.004251806062049941,0.7750576659203585,-25.403625541472564,-28.354248584812805,1.7562702328529898,20.42961138546084,13.208919115073545
37.195608375950215,13.029402848907928,0.6891464530363614,0.43716047582565115,93.83200767465897,7.842164839325175,16.166965931172708,0.023268611443826748,0.8288816426635853,0.005039373577206885,0.9258520800812515,-27.242855826559563,-34.84477176231066,1.8753172688234165,18.7308266411536,12.777778259911116
41.055207154630764,19.097355594385302,1.2977347339090737,0.586942244276736,96.21730689160708,19.55130858260544,5.330128442387508,0.005140516198460723,1.032552154703847,-0.013013233923851205,1.1854118606138466,-31.368946596988675,-37.26711874511134,1.8556088129817694,19.828495007132233,12.962398948467166
39.905587757697496,10.894109945149182,1.019742537507526,0.4891550933881318,133.44924460692866,11.345406852529857,1.7990701791400197,-0.0146347834331172,0.8587860179188818,-0.010249769711403883,0.9652730123412807,-29.12118548779807,-33.74651747570069,1.8217263866480138,18.29746544513127,13.064111596467296
43.00790024530818,20.12180564791563,1.1460076957947998,0.46869239405002444,114.33291549363874,8.99385880111601,0.21549377668546565,0.0166646427398001,0.7015445504546749,0.005724456715602023,0.8558811103088652,-29.749303184207143,-37.38818184419523,1.8773738796032784,18.294793656798046,12.766427128147988
44.8369855025495,12.659723702422156,0.7590790783543333,0.39768436182658445,106.66686590376503,1.2703192733713067,9.763299469229196,0.04258418876613354,1.0547755849572942,0.00037844481123945584,1.3873454441207693,-30.926707616658014,-38.79268746360268,1.8889890693506073,19.468287157551373,12.761078393274898
35.483191327248335,10.658345345274547,1.2011132708187915,0.4142575745523589,96.53619498622463,3.9639785046906577,9.222358581045707,-0.04770495750274792,0.9066132968720182,-0.0014851861397208867,0.9712577104508275,-26.192178752026805,-28.01427292139924,1.7392052256434725,17.840633110232712,13.311640787561792
40.42527832204131,26.609150610027477,1.376476115611833,0.5759332041044254,108.41846926315723,14.604453138890483,7.727991894505655,-0.11628214834346318,0.8577503186193276,0.009094772335281803,0.8181452115865371,-29.072877387385468,-29.535055246853595,1.640709856844279,17.72694019917999,13.633343903645013
40.73858333673498,46.03143950628122,0.9239366612341273,0.4610008522152554,97.2385150062891,6.257698124172017,3.1970252247172786,-0.03771092501172421,0.9236253507814496,0.02545551643236044,0.9889047715886077,-27.941253968212184,-33.18704356710761,1.771146094597239,19.34928818131175,13.016632872862251
42.82579116022117,10.150441846114191,1.1149407877707318,0.62787074281002,78.47731789450364,17.559500201703518,17.78764523494784,-0.03169290100316167,1.0571488304846939,0.017965908114014287,1.086483214262728,-31.179734864130317,-36.35990393977925,1.783757485258343,18.8165374096758,13.018164067875215
40.40139225130321,6.7090641957409645,1.3479784763886307,0.4204244865762369,106.68295834217137,19.366698787775697,3.864879794329495,-0.026878839511987874,0.8335072161335612,0.02207104914425162,1.2516282676630377,-31.7129507259733,-36.206662066682746,1.7630907676413545,16.776688421754553,13.067917460738654
42.652904239970056,21.46763462079758,1.08856377078621,0.5242000588010846,126.28027034752986,8.749290000954513,16.316869453704186,-0.03136495270798927,1.207631092286702,0.008777438773357552,1.2776974508507652,-29.286933814947687,-34.089464128641325,1.7885550468094193,20.00479132678865,13.05976691346897
45.29612368079388,16.997279989260186,1.0448071341746838,0.4529816333362937,51.685115346612164,9.961835706283345,17.55743291980381,0.00418505928656201,0.8985044431893915,0.00496053562239407,1.0498585611898916,-31.774892410000533,-37.35298465222427,1.8172144833107828,18.71751062665835,12.980955563370417
41.09307234825023,22.857635653611833,0.8799592959989733,0.5970882604253599,116.10658407908288,5.938789821375054,13.014688812028293,0.11391110740928288,0.8586567844428018,0.02483650655533279,0.8694233652740628,-28.976924328182744,-42.1758648852241,2.070786097383124,20.950719742441375,12.041742825168672
44.53194049903483,14.81946921225368,0.8269896979466973,0.5314544406679158,62.718013457748285,7.320186782365368,23.048764980489388,-0.07714106933367844,1.0844189204599035,-0.01747255109284252,0.9877488650535644,-30.860190706842708,-31.083533174113164,1.6890469708616678,18.506752124487797,13.617301465464992
45.78993337222862,9.898083388234927,0.9636918478087967,0.5305150739087888,35.6918025054121,5.141689043848351,0.4101024777750286,-0.054690153591053864,1.0252620370051928,-0.008220263674563718,0.9540371129258244,-30.944269421183947,-31.363610992399522,1.7074220553800032,18.04020239728086,13.480506274102929
44.086446020647486,15.469417045759165,0.8032177802752175,0.5219116654509236,112.28476465313187,6.140340347843769,18.024016206341816,0.007347627047133418,1.0411836015721474,-0.013151909900415005,0.8401505329294011,-30.336696244060807,-36.651383920983925,1.866302891674424,20.038708515515655,12.926115875189273
40.61270005469935,8.73455754071783,0.9518234515583047,0.5516699985839733,37.216880196367285,20.866859707982904,19.415608964330506,-0.07245461232628574,1.0624548170606813,-0.001576433822640854,1.0875919174484927,-31.26335560601085,-31.592581507232758,1.672275098008814,17.660465549808112,13.576036244611421
37.46497185934268,43.090430073451195,1.4206754236637915,0.6267106969414786,148.15682681052397,13.251250444667603,11.816555967350755,-0.06008586969953344,1.0087410917843664,-0.0038808967237213524,1.531885249652877,-27.444573474003036,-29.396161335127744,1.749205956226979,19.416596350180804,13.289485068499465
40.088234125058506,12.671250446709458,0.5962099276801913,0.44226742428152516,105.68170391534998,10.651819288521583,5.260017916410813,-0.025455739998790645,1.0163842252680018,0.007933200025939866,0.7798769242692378,-28.89755907267919,-33.89429669303239,1.7959173039319891,19.337882289828094,13.038427576596865
41.46081936281443,31.511126074853237,1.2710879931504886,0.3242562960531259,70.84690662326373,3.9415698450463617,10.440752481109222,0.039163164456503904,1.042748599317106,0.023285244523303186,0.8968476285802708,-28.554168132961635,-37.445428288026775,1.874919304325448,20.572381088861665,12.664691508947405
44.28182529594543,5.957815120070535,1.0601476759781288,0.5252736492499972,115.68271729451433,12.663705045535492,7.926393425962975,0.029498866538675884,0.6350876864132515,0.015500091458157459,0.7639304344793447,-31.337202325784517,-40.2845904675198,1.9140990171496874,17.0201825808539,12.582359170338703
42.4386803572292,7.6431468475703355,0.9471641040539388,0.5935434754461945,132.3243321746985,27.216861548281802,19.017055257494803,-0.11495916647135006,0.8232273204575209,-0.02834893661004564,1.075487267220662,-33.74809520223237,-36.647249449622976,1.6389186367426563,16.390828800067677,13.901139440557696
41.52123010589062,42.023036740271436,0.795837628304256,0.5118073770961795,114.24635948151474,17.124066937476183,5.23326148804011,-0.002166617238129201,0.85133165845497,0.0029422757516531788,1.0456169188789595,-30.05029643544383,-36.66993292616794,1.8463164410872281,19.5569303989424,12.891196377717618
44.2072596405381,34.86745283105799,0.8748411495934573,0.5266217488276718,93.08885733419986,10.245714325930697,8.68957751080206,-0.008572600843382508,1.1223162950908405,0.01204591126162168,1.0483800232285119,-29.899065062905184,-36.653716742918114,1.8299572452709119,20.537384455482677,12.890319528754672
32.05366053296505,20.777880089812065,1.1210643646800214,0.6404817845643164,96.78020061577023,15.598986292248249,8.95491855125485,-0.0300491212948673,1.2025870732121773,-0.00774321475484474,1.4065041036269603,-26.29393414107102,-29.874320358075295,1.7910407591808255,19.91593092451235,13.158897026391056
33.597111597626736,17.18626319439808,0.9578758264750358,0.23023693710712428,106.18101329760403,20.21989896810518,15.978734769238553,0.0030749029316972367,1.0471156579460454,-0.028953402373522334,0.9812109602494385,-28.79811704067719,-30.633260346761084,1.7914918775662412,19.242180531915725,13.300158133209653
36.09592495864452,3.936884774776853,1.112622032088534,0.4121305924863424,95.35747158742791,9.205103877343497,6.593285180795084,-0.12,1.1083213249512551,-0.018156024085449664,1.047874339537064,-27.454075301108833,-31.496090691883914,1.5969617795480704,16.8793360301234,14.009278232907208
36.6681335274644,20.93205439890395,1.0487642588800807,0.4357915161864129,81.19523489134178,12.760056842511295,15.068215134098448,0.0063826670141064945,0.7632982740991447,0.010478766050228244,1.0784698902876486,-27.402081603384374,-34.01630856827752,1.8370342496782037,18.290049751481025,12.875438808428056
42.430415112896426,8.930492243672179,1.4311046244048633,0.6728444899504221,93.89164489667105,11.731340821565366,12.42923482675008,-0.0291037841998799,1.1535402520286648,-0.023761925777508082,0.7334582907124813,-30.117741377111486,-33.332822260919116,1.8125092698069076,19.812229745968764,13.187615393263693
38.06179461263717,21.463297807136065,1.2143512181448815,0.5364505045050594,84.77969244327471,6.173413285468745,2.2045640009994774,-0.002977521113836174,0.9902770952848119,0.008835238012662106,0.9791920984239423,-27.19887035826413,-33.91389553783535,1.83760169280292,19.72093830701621,12.883932738498773
36.7135398514533,15.826323246537392,1.2163235621195259,0.6403526034100847,69.37928891378624,20.361243083398147,1.3883537117966043,-0.07214761490913249,1.0352376557072065,0.038419862766048876,1.004765623960128,-29.440249762592494,-33.02593030892318,1.7123777655829613,18.598687384320037,13.155215850603426
36.5774722664413,17.554601100669295,1.2886700901083938,0.38034685779820376,92.15565496609318,11.596665409424679,9.128238656352941,-0.0010104052048997996,1.0228454239923235,-0.00628840519573487,1.339372566857991,-27.567045764033274,-31.992475205800215,1.8083960294396144,19.084558232467472,13.086011894432271
47.205629894525714,32.5253418525041,0.9016874765897532,0.575642798972067,101.49505971777312,10.223019465106509,23.27995018258884,-0.0010204761227742736,1.1597757274773803,-0.005845585789812421,1.0783215936287502,-32.38005952424566,-38.69605435624771,1.8501670945107431,20.808856412353656,12.934566048092165
40.43265979259817,16.354267729447066,1.0673504229031492,0.4552296621650401,80.89412708666828,27.251235683811988,4.855440297499284,0.010216621585926162,0.7964415519079054,-0.017319721149820194,1.2740222873510452,-34.240105495450244,-38.986579574043915,1.8383437088862429,18.037319651560765,13.051630945310302
38.48690379540709,14.519111810320965,0.7317679739852186,0.49931316032766976,88.51736247612253,21.327311197831083,7.739864914138138,-0.03586067953473384,0.9226588550796891,-0.026746670655939126,1.0009531423987172,-30.765542107595344,-32.02411995846856,1.7716808450602348,18.516354184951698,13.359142052199944
42.152205496462656,12.319396303766268,1.0489680196018076,0.5883964877242418,106.84845510722593,16.226503132918392,1.426189941844548,-0.03970002614942149,0.9900892925300517,0.02489863076924008,1.0840544313315608,-30.96503610213892,-36.26787360766388,1.7751173038960246,18.64076931425528,13.005596520268687
44.03076015698518,32.6180210686956,0.9164726958661829,0.480109762865166,127.75581193374862,22.977136420062948,19.699545250131997,0.048070372873681544,1.0162460019122272,-0.018545021206102373,1.4215791093668138,-32.75018875295271,-41.07859643436953,1.9338563848590777,20.833362894268703,12.733182426003664
43.91312220256357,18.703249295462253,0.9125076209272723,0.6885552838762804,73.0917369637432,0.6744850034841211,5.12120002307968,-0.10644685656041142,1.091182622021671,0.02014703664347411,1.03527736650316,-29.14332984739626,-29.374564423038677,1.653828856553533,18.42912015626674,13.505404395320408
37.994880922739064,10.734069623140591,0.9454127312855023,0.6997376782847754,94.13669381317689,10.014682802688379,6.849947385555843,0.023141808722211776,0.9715480451866897,-0.004410608265891209,0.7741320941012712,-27.936334072716377,-36.19667672144925,1.909157661866884,19.856290938023886,12.723987511174693
42.41278080940198,18.013547414273326,1.0739560496582214,0.7066877925594373,72.6039227069489,22.4535009562526,10.788931789329194,0.046573795878488616,1.0766798176679049,0.042262901045066796,1.171918250948233,-33.446184442429484,-44.689487289978445,1.9342699901507745,20.623405324111783,12.354838565781604
32.814619821185595,21.169482450818162,0.9981177061705642,0.45577302874226716,92.35447724484713,15.810293683344444,12.2394177099419,0.0934242294385277,0.7412453580415796,0.016268862570160914,1.2609052947997743,-27.075766425239244,-38.36345318914161,1.9998418135177165,19.11673365743588,12.305014498736718
33.052715615155925,22.14699299511645,1.2347675234648965,0.6521651182139586,109.66989502729025,7.572002205413369,12.088238841985987,0.0781965619744384,0.9175119220719534,0.019746392368946025,0.8229793149993125,-25.141613478775213,-37.05058469067276,2.0080089922353186,20.86173517987069,12.259008504064608
35.13432883328706,12.493044561197607,0.959601118967635,0.45629324187099357,64.06272187869676,14.286017555408362,4.28580963807431,0.08232040098195878,0.9762140086283048,-0.0070652657558134225,0.9758257223549369,-27.985331142600298,-37.73848393384723,1.9684247195203104,20.046494204843505,12.547710930439168
46.20323268187338,17.71639967384086,1.3267395604691707,0.5103657050945073,116.47545280294877,5.850812367517021,12.423656692518687,-0.024417910272082306,0.9381308734316108,-0.03434783040628089,1.1098883296839652,-30.994788928593874,-32.78864786118135,1.799966655228232,18.90044140230853,13.305820843214246
30.913101619992553,9.300187904052239,1.1364546274875122,0.5553482990228831,89.42719167941215,10.023654964262033,7.834726964363489,-0.0017440237770121982,0.9122273632863337,-0.005508841160105965,1.014905675835599,-25.25993286392159,-30.887908095678682,1.8382486691450617,18.500215983150255,12.97423226382439
40.977496963270255,16.709491102658724,1.1648292689928816,0.6057705414689125,103.45465356726807,22.98032770553521,14.868771213838453,0.0012761868469016063,0.9184116397927033,-0.05063348670765,1.3314982048734891,-32.72567005985914,-35.17950134166575,1.846423784672629,18.92439003733263,13.249564825919315
39.37549562527695,36.44780439370711,1.3698758233285189,0.5155986125836209,86.97084504348264,9.12627746703005,0.4189583839368982,-0.02715675559676375,1.1976819683431768,0.009778321994290368,1.365134302320287,-27.80644380850399,-32.78659141191951,1.7901471398661648,20.37909536478913,13.0474870889892
41.412692558474006,8.055657264164932,0.6915473352804615,0.5470620499764423,69.16317369784008,12.067690860461072,5.332538274629453,0.054475108464227755,0.8969786097323387,-0.024532363337195055,1.0039581536260465,-30.34878872690388,-37.99065272731775,1.9320002555720441,19.031353762539197,12.778334112560495
35.04807872652128,13.266114472600712,1.3007390977045226,0.3817662248592869,76.98655900879369,4.943176043580825,11.716375142853726,-0.029425926174829614,1.0689201901411751,0.03160847506275346,0.8476572883584788,-25.862098607835023,-31.224057571624865,1.764023395072128,19.073421394287077,13.003930531255092
41.096550079915716,17.138224740659986,0.8912310110774341,0.3624140125537484,74.16651249221495,8.19524322968705,12.854047290898489,-0.0690579794256007,0.7529237624105403,-0.036761899803370024,1.1590721491591731,-29.23253716005096,-31.06782886391795,1.6782661915632056,16.727289172875558,13.797074602848388
39.678600187053476,37.99957392309074,1.2504869430547227,0.45505450342823667,68.10191902777635,19.623487144145376,3.937511048711272,0.04234708897848725,1.055407558232639,0.005879655401200886,1.0640047411675786,-30.605558104807663,-39.47383102100475,1.9043607841084202,20.966122249204034,12.674669241247912
45.87948626339614,6.700666008416463,0.8998822241515565,0.5257987124095488,124.01216777314474,18.794210223715623,9.033544378773943,0.006670782645035105,0.9376898270230111,-0.02919075105547217,1.1647568080442792,-33.47470112534423,-37.821375015092215,1.850335566275287,18.262772462202754,13.088565803838208
47.344983813772785,31.83508176883305,0.7835635210955534,0.656692026573408,107.80854161968283,27.436377982586873,14.771049191492107,-0.08057214417218392,1.029838543400576,-0.007645774825941365,1.1641470861146765,-34.112930388198535,-34.3601565540967,1.7083394287559461,19.038326829555757,13.472984740188064
39.37759056040866,15.225423043467977,1.1392874273216682,0.47946476129947424,138.53764459524947,15.871310120783063,4.388867991447484,-0.09396715660094274,0.9795752469563838,0.010031891920650864,0.8163461999245664,-29.008991450095237,-29.464160147596147,1.6802984202756142,18.230830491326717,13.46553176556739
44.24708274556244,33.563371274620906,0.7903367891934421,0.6628701096394608,104.33624911501308,13.988342986959843,8.644981359134821,0.049560918719992166,0.8798767242845111,0.0018805983726691694,0.9655109949844224,-30.731015313348177,-40.58567022363847,1.9520870975195548,20.457135663882603,12.543729585596978
34.49851506633446,7.8009341542681785,1.0251114888255248,0.7048284455605729,89.91022729853081,14.19061823356271,6.968121154791712,-0.002436901605728672,0.8497973046174647,0.029249430255812586,1.0385881879315968,-27.830296147383116,-35.855944249654705,1.8483004481048637,18.075285480408873,12.71855170064731
37.76393416220625,12.566578616306828,1.0494740491367467,0.4924949808200538,105.24076823899118,13.554442848856832,11.229244048911825,0.01919535780486785,0.9029120025565573,0.03028507048621912,0.981177643405108,-28.430196370653285,-37.49326869963319,1.8773230379821415,19.052207327356406,12.613512838190939
45.068180560869706,17.03041886731848,1.0720824789867578,0.5515000961473315,35.89616444389991,13.184204194469013,13.610702592145616,0.12,1.1338448050821386,0.020157091377039412,0.9875938662785801,-31.604533207735315,-44.08653355147837,2.030371831032965,21.638048345719618,12.188855981001277
45.39571747353824,42.65124863200913,1.1368091656398578,0.5435311165779204,99.65681240275484,12.639842222232446,9.118774351670696,0.034098033128055955,0.7896291210909241,-0.002112378426808352,0.8978809703504866,-30.858616430963366,-39.36887258278272,1.9139126099472403,19.745030030610106,12.693529368016424
45.20652585552134,21.744603519173534,1.171473244923348,0.3454433419072357,86.50903482424492,18.249539979427173,12.568297899610897,-0.07722714260510055,1.1386438648385215,0.007358226050648281,1.4886047970884912,-32.586416144333306,-32.718299681924854,1.6618418872903449,18.449789918750646,13.55805659661207
41.08456476920724,19.736983211558453,0.8160373159964729,0.5535852926209466,94.38162043689329,6.123846003594403,0.26022413880849005,-0.0053696844858448145,1.0353934343431457,-0.0188072964830516,1.0409132886137797,-28.617216169425173,-33.29624770509986,1.8362839910853619,19.807210433560428,13.068844266160767
40.17566263690868,10.904905097614567,0.8920777790184081,0.5799857578185792,105.9674124618738,23.379800462643868,12.286174781785732,0.015510227753676997,0.9920962356232179,0.016597743298458274,1.1058014343913205,-32.00058263118206,-40.30981306950676,1.8744354611132727,19.26991597808379,12.707919211859716
48.22632337961197,13.422379784042022,0.6734662032768669,0.5663930778170116,133.51636883449626,13.319745470083822,4.796030091841049,0.019227152798124415,0.9861648141419475,0.012662232688501982,1.0761855324312368,-32.68589285831268,-41.28003973858972,1.8890623010039653,19.71270554817746,12.68319923265093
41.400970427766616,43.24157161621499,0.9626798082632216,0.3470027581959443,94.7076109250812,14.966022917192161,22.295918482462582,-0.03952037839068421,1.1213406184892565,0.018554035872478055,0.8265139425320822,-29.647404618660346,-33.45584779419865,1.7496134448517977,19.936308471915577,13.14078080502689
45.72112292096686,45.82535867662884,1.2101593042411705,0.6456329085402778,121.26145612907253,11.369179879680972,3.333743136364208,-0.033267769819300685,1.0006087143201592,0.007036517397705919,1.0278776397520992,-30.535302381653583,-35.675049321426286,1.7996981245322743,19.927806523067,13.030522187376878
41.334630683536915,12.557629697565794,0.8009427169283916,0.38056206936535225,82.57160904314158,4.262461869976322,7.435488981737699,-0.011593627317196369,1.1306179524399187,0.005452560192536917,1.21469747493842,-29.285227999408857,-33.53732638543609,1.7833093480348472,19.052770833373117,13.100568024598202
36.39213655863008,25.35340574523347,1.0427302896189623,0.4059847996189866,115.1045773010937,12.101724715347308,4.5553517144502464,-0.0853610173055474,1.1253028072678095,-0.005107392006662778,0.8199545669871023,-26.77402133160523,-26.759073980552817,1.6817375581550302,19.08417568216342,13.561791025739776
35.92863345956366,10.117714614018468,1.0687575643326659,0.5054406030572055,140.82386194056056,23.228228909988324,19.455749774694308,-0.021267179681614876,1.0386538828219651,0.03512507288694313,1.2425205483098325,-30.12947904356445,-37.041447042342426,1.8002632643514387,18.698079229046947,12.850494435425617
34.680707542032295,7.706864521429842,1.4026164181769085,0.6072568285942661,53.244774730209606,5.7727984515836654,4.142338825349004,0.06544610561720897,1.170223343544202,0.008694430292082972,0.8438133941412262,-26.48887222495881,-36.87047477172219,1.958565249058004,20.749489804123613,12.480598957153429
38.82161142850908,24.438858273869624,0.6091588808606652,0.29850739134459275,57.988085440012064,16.292844911405343,3.2388478771258047,0.026320754812775623,1.1346054786189677,-0.012628935420608094,0.9834985251991359,-29.578248569754827,-34.7158255971773,1.834480257641632,20.389648958390246,13.034294900708188
45.258527752245534,20.412943203978262,1.0998527771401632,0.5265290967269135,69.3580325921781,18.120925893360653,16.761927141963696,-0.08978822830827259,1.0605441565381086,0.02470843202841456,1.1383572220552116,-32.00734457075976,-32.71992335577678,1.6670126130276737,18.40885169257467,13.42192055551881
38.726052063485426,21.475775660721023,1.2930001365969361,0.42785804280643036,141.1490190776566,21.91354854813813,14.752111217235123,-0.010459112741912323,1.151287258206768,-0.029885766437394268,0.887348131183827,-30.24472349456015,-33.63519877469519,1.8274608138548325,20.357440815508436,13.17494427103721
33.62121710051755,33.783216457009885,1.1908199013291023,0.5169363678467994,75.60159014316194,7.5023759648213995,7.147501890364326,0.037299093788166836,1.1095729229149152,0.01894478509360685,1.4029972399741024,-25.224988067595696,-34.75205340228747,1.9032612314867403,21.005537104798027,12.596785541476633
32.93089258385006,24.177250042116526,0.8401825744455436,0.36582803616888004,89.91463929398813,30.226113087431333,14.669272790656876,-0.04441370072794398,0.9172982409008827,-0.0056801191697094305,0.988086809724771,-32.375018681484484,-33.79734252269945,1.7386068907312429,18.620829285079587,13.341986657235129
39.865088555835946,14.275016881625959,0.9240917258293349,0.5870016976331821,80.84136465160854,3.7003512257218243,14.426658407961547,-0.0005930529877773848,1.0115989460493793,-0.020920004694775153,1.0550084950175949,-28.365951910264812,-33.06965348042234,1.8415543821821123,19.408739651092866,13.064202365435387
36.62902477615243,36.482309836892014,1.1063904415399322,0.4303539160574224,118.94843045236381,7.5123819015451945,16.246894634221828,0.023845304516666655,0.9485647212084678,0.002967678680641521,0.9515517993504634,-26.635585361767372,-34.69591386295064,1.886141755169726,20.335259749419766,12.754211898641643
40.987145327768644,6.034070084782986,0.9152222502930798,0.5922137333277672,97.2729936983809,10.88196284645635,18.336547597853283,-0.0094588080585517,1.030677881676859,0.0030957349566644262,0.9948502642405563,-29.966011331057345,-35.901908463772976,1.8298284187186322,18.794289571669776,12.948154883217127
42.91069482707309,30.309009202860928,1.1793621583501532,0.6878526666006861,89.26885288264045,9.50786758798758,1.6979752455474069,-0.06251496918387632,1.0092949782157343,0.01112414587925348,0.8135994848222039,-29.126704561904894,-32.03848622100119,1.743651885793255,19.341209183100602,13.211499998782166
31.328859809646406,14.548588531286349,1.0379574929291966,0.3917725337316294,55.163493661612485,1.2254452352660392,5.589798541330611,0.011730364206613138,0.8339071659038453,-0.033317575392846195,0.7208587170972718,-23.96321824702815,-27.25933265243826,1.832646550551127,18.635144215785893,13.179623181564557
44.961948264591754,14.527218610493726,0.9560063485568195,0.4433545512389402,92.20386351973372,8.5015494349871,1.199186673536257,-0.05615133605950743,0.9854227965728984,-0.031003564258979203,0.8868333639818002,-30.40843244148661,-30.52936134663623,1.731528668369482,18.5367909713815,13.542795755873753
44.03404197158958,17.885786503487033,1.2813387224496005,0.5183208116912595,106.84912008590085,10.827569729820812,4.319158571577438,-0.0048637574435405955,1.255773937120512,-0.0038617589026354116,1.5427301630042474,-30.860687254479522,-36.16124564181077,1.8228944000857745,20.095495370423553,13.01798299832664
42.57799553188217,19.950937178394927,1.1715835642836163,0.47442623788753197,134.3827476919766,10.940548932567879,10.056206467371988,-0.07759030466816269,0.9387401470693753,-0.027726255636915453,1.4532354421259028,-29.694072135201868,-30.25993656888218,1.695210164413209,17.962495112932285,13.664011185517921
39.59297388101792,5.20959889991983,1.0447046293090798,0.5096718905593819,104.8168303073504,21.06268638843877,16.554462866691658,0.005992897084037498,0.8565238246982325,-0.015728413201000192,0.7506127605186702,-33.035876504070984,-38.99453583066714,1.8666862501652748,18.39502692192329,12.941693891780826
40.28505277197686,5.581470234847599,1.0662474279534089,0.6014294518227247,104.92337258425164,6.780510029736433,4.016238921098736,0.05759741125315292,1.1910004622011363,-0.016456965523097035,0.7308359933182698,-29.02952652761141,-38.613957168005804,1.9736985587363014,21.05099915110249,12.590621439443371
38.733350604480364,14.752272217720439,0.9885094890516701,0.36859450748485767,133.1187109906777,5.098845471080386,10.895441481142976,0.015232740617914676,0.8523041555987518,0.015499481864816594,1.4679553096231999,-28.278427210130385,-35.32602046000966,1.8416467082938934,18.088986409039617,12.827477103362309
38.51032589661504,4.937773662927711,1.267552042854435,0.49763940938533985,107.67146836286304,19.72284916305895,11.346527109600943,-0.0046293977516304536,0.8311420800169999,-0.011189551152147039,1.0730855857450816,-32.14464560621427,-36.77458144564727,1.8251903077500389,17.30804080039541,13.057909710026939
41.826953315355766,10.853171262353406,0.9895448690974602,0.6467050510902026,113.81620664874839,7.8163422932773905,21.27938295959514,-0.029434420808268604,0.9631140236943335,0.012216061073258757,1.042445130808456,-30.135812475164734,-35.576327048492544,1.8007961023330776,18.66408736881111,12.993177719049655
36.298754107065314,11.366671162350983,0.8040675876019552,0.40475248237739064,66.89290712330043,15.840413638103739,12.421924511727564,-0.0008026990999894719,0.8447688703161371,-0.02691796208923857,0.968461711488074,-29.378876177942132,-32.180894301152605,1.8088902952995392,18.002586458987317,13.222190784843
37.679620713567175,32.29462797351542,0.9774803034685197,0.48818917759932257,74.32684385787819,12.403507255273453,7.277765891026544,-0.02187057558105539,0.8529885412438158,0.012811757297552516,1.1741284574954545,-27.96755739261038,-33.14200042341926,1.7924784051684437,18.91388476050299,13.019458707338702
36.79134341077058,29.290038979685935,1.0353503745165638,0.46334106570520694,106.60748716469904,24.700015947282207,6.753462818696743,-0.024498130665752793,0.9414814352207329,-0.004388063338204487,1.0486077512056036,-30.52476642631776,-34.596417145282444,1.7963873287884977,19.374877681530027,13.117142084375601
43.297728557985,21.36294726631424,0.760905217116093,0.39580708719823177,126.99588890720173,12.559287069604231,2.14252646499883,0.06684735611457437,0.864285079306838,-0.04006597284381612,1.1574161077368077,-30.62149251830066,-38.140831282526385,1.9554192197715228,19.828766829672322,12.803939951694765
44.81835843421776,15.762662320799421,1.3940016013123757,0.5539087494081093,114.40995239595264,20.22821448827251,0.9160220959839886,0.013106232679013743,1.0769874663779313,-0.022392078567610475,1.0531399743474381,-32.94850441010128,-38.89806885765101,1.8739939232911997,20.090713922832208,12.960382427630218
36.63738709918254,13.654363146256848,0.6518967259680586,0.6021119314479875,99.98162934059967,9.329460274369737,1.3805129920510772,0.05950963106531992,1.1016019960761043,0.015144218330208384,1.314289001928912,-27.636130591752455,-38.11550067933729,1.951729545605395,20.558297093362082,12.462654942000425
34.01289872340162,15.354582233628996,0.6642254020394729,0.556015910818537,141.15726071978315,7.985566449394665,9.031877689496035,-0.053558489949276616,0.9820654478378958,-0.00020156395181798473,1.1452503653867312,-25.473573250007398,-27.94136138403421,1.7534168138718313,18.68747011134469,13.249071744668672
41.712645611458186,7.098184819382616,1.0419876999699043,0.3480418711600636,96.78969732047806,12.530188799517935,1.9283542464839254,-0.010386023460649044,0.9138231472620519,0.014797390894472063,0.7373086202421367,-30.19145109891969,-35.94949971939474,1.8052799736754788,18.35643860525971,12.960516477552305
45.36280664532009,28.51671965918284,1.09094667407231,0.4443307550521824,113.8033994215846,7.013190128369095,1.9403565818212414,-0.028052972882622623,0.9206370237387946,0.04689937247042906,1.3289824623966588,-30.2909069348472,-37.4373575150861,1.7853800025946742,19.04377827151898,12.831175908852126
40.07253317970429,36.03329398786454,1.174263521937426,0.5528380569088148,132.16096328044512,1.5565248554977347,21.209495481044677,0.06972174604431007,0.8805365481616643,-0.046031655543566,0.9232536099349422,-28.140411353046744,-36.39750709159209,1.987364538715228,20.789391320982556,12.740266473922704
41.67328421955673,10.246861190920733,1.2049054925823117,0.4576237976650099,69.42476374862349,23.04681578511861,0.9076439999186583,-0.10206428135019155,0.7706749841591797,0.0019071381981778982,1.1108950772029786,-32.44869665189132,-33.85207651561003,1.6289282160152612,16.031990323116965,13.731549705085047
36.55096228546094,8.934938057821547,1.069892391498669,0.5103356860804664,87.10320840869626,2.4577726460415774,13.765840078733818,0.08351190585477639,0.8932594832928825,0.023960481848950277,1.1910843816235257,-27.53754708638248,-38.67115193703562,1.9781798516339744,19.008385253363386,12.325648449124841
39.94821318556488,40.59026542710707,1.0886163412525627,0.5271095683969278,94.02283710383465,1.1065999928463313,21.687609532168523,-0.07746800070941554,0.9875630090976193,-0.03782854273475539,0.7659035327874486,-27.344084329889377,-27.92043851660882,1.7053049638571514,19.04349533442331,13.694841143621433
46.3747193628785,26.795624762662676,1.2560109015515737,0.5847166705164963,51.04771231989396,1.0883975339992247,17.95366297106393,-0.010487458952654348,0.8531963610827266,-0.01582356797442432,0.9402816519679751,-30.638001392470954,-34.58710412665569,1.8148150193497252,19.03506836097035,13.12597579140585
39.146519716531735,28.559357427120315,1.3629467359736682,0.37645583143464834,112.40201445189862,14.454086876198312,8.351813284521613,0.003870179487136293,1.1534953304020883,-0.02275737456086208,1.1619214166438943,-29.331144995683147,-33.687139925308685,1.835090662463226,20.50245973660072,13.099487299849445
42.195668898266305,39.42096487308575,0.8096585286582947,0.6002284344163941,95.76767493296717,21.850341463100754,8.695991605068114,-0.00872943359856428,1.1164802919294035,-0.004820520675772406,0.8748266077967262,-32.43383583127528,-38.36006578454175,1.8385817489274543,20.69658503125351,12.968569783038642
39.52742952331695,8.598410449593544,0.8729951715510196,0.5426218383422368,55.01161311768243,6.1454745539793825,1.0244989777683173,-0.015181223084712587,0.7246977047124796,-0.0027589407471804014,0.9335654369375433,-28.497427906821265,-32.671099656974505,1.7985110578974415,16.94935984094594,13.09868293842313
43.77016776062611,7.995976551702318,1.202344651461972,0.44373139912111303,82.55581503893158,17.02489625425773,11.616340733237443,-0.10290973777252939,1.076053789985279,0.001376627999152853,1.36156447612278,-32.55194615150649,-34.28097844505629,1.6163460116188098,16.933502906858916,13.788542700797068
34.267871172960014,24.109433380658164,1.499876030229202,0.46259859261692593,100.74407745948363,19.273563306011447,8.771442257781615,0.012076686072012927,0.8691847281815284,0.00761711899742581,1.3991289708085568,-28.741097453606145,-35.864173499656594,1.854151977988142,19.07487468270152,12.834053007134413
36.84994701905533,10.50289511930832,0.9674985404000431,0.385804579482196,96.4673244346944,24.67128291357976,13.047594711251833,-0.016620498156489884,0.9224443333939165,0.03140238382322421,0.7127584027436902,-31.953288740580952,-38.72715748698032,1.8027028504345157,18.721140734923733,12.864950621143203
40.36316765250422,15.218376061681802,0.9422226113585863,0.31720335472023625,91.18781052717493,19.367190371597914,19.684021862307738,0.029016761731606312,0.8640191649700968,0.03406083371400516,1.4557302325026213,-31.22086659576281,-39.23061727934232,1.8391816931147476,18.072532376513966,12.720345269012372
34.7392382266324,38.821450064089596,1.2184016936602968,0.5245593556630843,111.34038978222405,12.301359046926159,9.452847465056287,-0.03245365894669427,0.9043104131548108,0.03021444151433623,1.227894471148561,-26.565270376945207,-32.85054295954318,1.7893532693001608,19.286284504672707,12.920294099186933
47.83663904108222,43.1888274853684,1.0315185110797458,0.44890975441675174,81.55374263921837,1.2180488956630353,6.800915710396298,0.01604551327722892,1.0258289228123025,0.031701235874801295,0.8829260145323659,-30.907461791734917,-39.90603904824468,1.8632455162513062,20.588942352154174,12.65238049451957
39.96440443059065,23.12866455686306,0.8572732881039428,0.348400897503904,83.1563327490553,14.349383238815477,0.812570289766871,0.08224395639029693,0.8502895033601856,-0.004129145574901887,0.9619096816636041,-29.627306625887616,-39.34870300246506,1.9620465358275054,19.945109596535787,12.54954842492838
32.79099468943374,7.577000887149977,1.2104858754446182,0.548929060984278,94.12990522428125,27.06979572738954,7.5734758273574165,-0.05150007738668928,1.2836334822311568,0.01501104575711113,0.8496467159368011,-30.93068212749737,-34.69234068684181,1.7551190820002691,19.491633217144244,13.143032552207298
40.03021032112875,37.34567665887242,0.6571935755387968,0.4079553175729704,106.43898028463477,8.300122070222342,3.407248470729775,-0.0502364881636708,1.121549029757835,-0.03212926019412563,1.2337625159408065,-27.862223777845117,-27.78257990736917,1.741353662037519,19.742427198903286,13.512387452100542
45.484469571645604,15.431424674636759,1.2239801820427996,0.423573154586729,140.59424169927667,7.891143241859544,5.576316424552164,0.035925631798958586,1.360522709255358,0.0204069810992884,1.3935670420662125,-31.3823096777025,-40.753779923565325,1.8948968513024356,20.98954688177803,12.61550860350036
38.325351605064476,27.922864303592533,1.0052728714795887,0.5071906366924909,107.12190140360799,18.4157005285283,5.558898624920372,0.004792060337549392,1.1912463727435085,-0.02223323831656322,1.2347862355140848,-29.60048943975341,-34.78587776884103,1.8528033845189635,20.77093648363044,13.03322699302339
39.906238125831564,16.520626062122133,1.502112877279969,0.5324459070705894,127.48671554501846,3.7820372149624544,13.59105105698098,-0.035043310635053886,1.0320316315414777,-0.005767749903514684,1.1941548544277123,-27.99378445739852,-31.29914219528147,1.781944250765151,19.072986825470352,13.179328473984713
36.073616702626694,21.905636052536263,1.0457739827743477,0.555898514400028,116.55084457959433,8.646003345311662,3.2386532400369115,0.014669500506129514,1.1866861044533081,0.014348730427897416,0.9159273217360602,-26.68045374666314,-35.36716033885153,1.8821873336466877,20.984050665849637,12.695774312347984
39.0682274292941,13.749140261579633,1.114440887902714,0.5196866951794391,76.91619428742347,17.57521084956727,4.477040861363694,-0.031003046755331273,1.1461891856986537,0.031035567415367064,0.9776275312778067,-29.77212734809217,-35.7293010132882,1.7788433794914331,19.46702270690325,12.95324506844991
44.995007042986366,15.028860664715829,1.0539091876954059,0.5561187200374285,130.2551188533398,18.100248564457978,4.413573962786942,0.02432758072267836,1.1817532452606097,0.005343992772168476,0.8791884659920938,-32.184876281487746,-40.99006495988494,1.9036021050422745,20.891004551105997,12.680571580888206
36.477396288674804,37.89663997166409,0.9699718423959638,0.5486981196737017,117.47716266601873,9.551258299989604,15.076407938676962,-0.05938677461276847,0.9946160256096521,0.0244445327540384,1.3606234796831105,-26.585520758815868,-30.464193042220007,1.7417227126737804,19.244842503317148,13.132594349344654
40.088211226668264,34.17968747091947,0.9818702732395149,0.33757321338210755,127.09222993405473,3.9236226087640835,11.86578384991765,-0.04851945314547726,1.1748387042385986,-0.006136902003766212,0.8557937080567524,-27.629340391840703,-28.97782199673696,1.740687585589594,19.926582633846657,13.337074065239854
32.37444638068761,16.09053653889913,1.1305468335548696,0.5935210983559819,68.92998218316183,15.055855063393961,4.001892593952684,0.01998105868224502,1.0024602494554178,-0.014885534255881223,1.1650228932877007,-26.793159688635647,-33.163616851261786,1.8725212504886994,19.61659108733974,12.91598512025931
41.69350406527388,36.56038744824539,1.2007416003971574,0.43674477099846554,88.6326897929345,7.9400633530418085,5.797478785367519,-0.09842466559782687,0.9733399626725173,0.0004269163587251308,1.0616001758888043,-28.437840944232313,-28.794897944941713,1.6525457828517223,18.410189894764063,13.643155456836189
37.22158507006909,16.0592207575842,0.7355280242101664,0.4701217524968715,122.0536027830658,17.027598070830546,1.0826496793358693,0.027748666553818038,1.033853409508187,-0.005579470704525376,0.975940087315872,-29.224445638652917,-37.07383135426241,1.8963159443701252,20.18340067268273,12.774498883203218
45.886100160165235,18.361721074851513,1.276905817423522,0.46981089543935767,67.859007034988,10.093374853888118,9.533159439245917,0.0363645807480556,1.1795178713036345,0.004389020155936478,0.9265708938854953,-31.180503416488435,-39.63486306965865,1.893757693887638,20.849710869176764,12.719530422714177
43.21957859949772,13.595127034560107,1.412248663275769,0.6471707940206728,114.1874680373084,16.143402420046225,6.840000818100747,0.05409549784550958,1.0353698268857334,-0.0009255945697622029,0.9421323982311356,-31.323334913694246,-41.27370777806619,1.9605730933627732,20.583744705814944,12.534119359428514
37.06087012049197,12.508633066218351,1.0861882235044318,0.4339571431635441,120.11692693252586,10.347111037182065,9.440349981294151,0.008736737866736713,1.0013185510959366,0.003672802928677518,1.272582450340959,-28.309971901028486,-34.75908057267369,1.8423004742702362,18.963335945679265,12.900541845243273
45.04042303586945,13.053068390737764,0.8221326335151795,0.4235525479530915,71.9265518343415,13.359785461181465,1.6772749531748943,-0.0519099770781423,1.2600531915038575,0.02124880155478523,1.1581769710046306,-31.5808680640922,-34.01996928812479,1.7162240697298483,19.04109091633623,13.250476235044578
44.54465782081381,11.544019168500377,0.838463131856779,0.639677639638812,116.34165510359541,17.396973233135807,5.661772312646348,-0.06383277395926738,0.6450922293597494,0.010309837172595869,1.1871147460254776,-32.0999118997664,-34.596699640311535,1.7318378802057972,16.005163106945254,13.261826857836041
40.2478471723389,3.1191089201706887,1.383681338580815,0.40730857967229517,89.19871181921124,9.039295414952553,6.527986801894251,0.013958962439202631,0.7650121040937548,-0.02368550120277587,1.0569613485990212,-30.08875251360078,-34.13696194950036,1.834120977662489,16.492884518985868,13.109176273184284
42.23265460630567,17.07824076251319,1.1951594915638444,0.5462259157243119,89.3770867689221,13.480966620965116,15.852886884577481,-0.013838278466475618,1.3557781324612224,0.0005954138287370018,1.0685533916671004,-31.042746444925584,-36.47407449340455,1.8166823637851983,20.623480549562814,13.011144727554642
42.674999592619734,23.996749446351885,1.3782199575067815,0.37302512155636725,103.8827485095267,15.044347635428528,11.919106326657287,0.02753715976850818,1.0328326447257279,-0.014787011708198362,1.2378205113274854,-30.422336822223265,-36.817989055276456,1.8713698177006994,20.109240706887878,12.919312017130888
35.12926599585913,18.844555324156406,1.1389831002122637,0.4965344914017333,111.71200530824247,17.69015131189172,1.6404008087151496,0.06863842981285483,1.0470584852130649,0.001572387756305951,0.8343467565224847,-28.39531714054808,-38.9419657475143,1.976776160565183,21.127916463587056,12.46706841604521
46.01438265598635,15.293727892971226,1.0431903117478218,0.5616160037788356,99.01268988817387,9.201870673947553,0.17657979039074156,-0.018993534076051272,1.0467062185541072,0.0077222605293993905,0.9133841105580962,-31.008882844457226,-36.8135768960615,1.815771528966435,19.565700430527343,12.968305552464576
31.723870044592083,10.154448650368835,1.1442062180178856,0.6060446375670193,74.22541078883154,3.748913860031504,9.670806304174949,-0.025058653756122123,1.0582931605206138,-0.01375388952494793,0.7708667102862109,-24.323706898910018,-28.08288522975655,1.806362023366736,19.36887174357511,13.14283976064721
39.534007038173485,17.515403842260994,1.2252639236440346,0.4333373061941063,106.25269414842211,7.136067841543137,2.85306765773959,-0.035591370320327886,1.0910986579113702,0.01667220077996449,1.2359817018003176,-28.20670915572905,-32.44329541591994,1.7631704193270163,19.134894256424612,13.102272930694856
43.678278020280594,9.538900581557234,0.7390873490853602,0.522579645682535,117.76640455954718,13.176020006778915,7.917775496557584,-0.03402156811648857,0.804316127732224,0.008976762450813032,1.0549343626926362,-31.009263400247534,-35.38317366934691,1.781995986616707,17.503091886858382,13.082487211031632
38.54027673245528,31.514326459192482,1.157507006564749,0.4817632753153291,133.97774620941595,13.530541480627651,11.46864618395555,0.007482177689455898,1.1783508865427539,0.014981142749103536,0.8961698228075718,-28.509280335988045,-36.742373261822614,1.865870282770161,21.051962016822277,12.747192697466973
43.11589236977771,13.241541982163469,1.1792052080736468,0.6763689067996296,96.85598114773217,11.599480752992536,13.21948675364062,0.03999564778255202,1.2300875025406843,-0.02260283684214513,1.387280390651486,-30.735035062331036,-38.22518734122449,1.9161525920622158,20.601088464270322,12.81839585282409
47.22742149707963,18.46424763390035,1.02869848286848,0.5625903966997035,84.10653706883835,25.523257465609102,1.1804858391439943,-0.014197699156922856,1.243000039060659,-0.001709286506762133,0.9686073581143,-34.8517783301927,-40.19089966033829,1.8191141738007996,20.431785710359247,13.017445476839233
41.967850777087136,9.30172756915767,0.8487481997299873,0.6397656556822436,121.56426061888074,11.296396389212635,6.830760265027422,-0.02193848786144343,0.8197430655363803,-0.010372436743493516,0.8529354952056988,-29.75667603375468,-34.435288264308824,1.8235587535396938,18.133818014023415,13.058355574073705
31.824255330161208,29.71109175321762,1.0808343311689232,0.5749564839332483,120.36962265230419,18.082655682479352,14.200436655226307,-0.08370878934010771,0.9999098329978559,-0.01005705835236773,1.1807867859525296,-27.27290247873297,-27.3653740467729,1.699029997875495,18.779788829863975,13.526288825636238
36.782017744407646,24.029021045088612,1.2175411605245046,0.5265950607059674,85.5162566453075,17.238281960713678,1.3341666383383632,-0.08846342848142408,0.9419856714309588,-0.010296369739985612,1.103868010937683,-28.20782603638015,-28.489173260762556,1.6776063490578739,18.20007943445117,13.614028316371176
40.951929892828616,9.741873132411545,0.9938275629685778,0.5546091932634912,78.26417926120519,12.727304937048226,1.0838093933560993,-0.03844746724214046,0.9690989231091284,0.013458103164996864,0.9040803329947165,-29.797753163612825,-34.12526314410404,1.7717384205723345,18.47087117376333,13.091263382502225
41.810536559242195,15.48352594220355,1.2698947503891416,0.506109322376228,74.10286475870909,17.303763535097158,10.399373916053413,-0.040780030562089134,0.9481387111553421,0.010077881127987213,1.2495178953065365,-31.54732370791372,-34.66113359900705,1.74983695693645,18.239978563267574,13.194958812855498
43.63628600873539,36.66257518017667,0.9780050118643593,0.4357755537899369,92.02610602210059,8.54599797951736,3.331759463790405,0.036145420395591654,1.1579078656419135,-0.021861648790328047,1.0262990895878068,-29.754623420634147,-36.86963875179184,1.9006628533114405,21.33083792719114,12.865645322545282
44.32384746345092,9.597328774495406,1.2448912531811165,0.47331355447251866,65.34151605199193,11.454888993786087,19.817215835458487,-0.0019111856746070943,0.988109182616853,-0.003330004415337854,0.8789555670650981,-31.224739014956178,-36.420637110951766,1.822073851672204,18.90211752336093,13.017439917161674
39.44882156408562,30.913530956710886,1.2021776176704773,0.49689968221099545,87.04395334907049,8.016155765665513,12.856714605713641,-0.033817367336911146,1.1847113754435867,0.0042344706672685795,0.9767594292143345,-27.922160877339834,-31.92682782425139,1.7784885122216785,20.228543929010627,13.126264986000022
33.1771314661457,9.728955558838589,0.7962741357787625,0.5955277249277802,137.5440586076803,14.138038642272956,16.86477767125659,0.12,0.9122222796865816,0.020992199781031014,1.0628615780504187,-28.392408060554782,-41.433992816898375,2.077191653188615,20.245594543169567,12.045775511657741
42.7013507217282,14.615687516543204,1.030751104701766,0.4944382322995289,107.83486722776823,6.972071249924785,5.147946193035887,0.029070118890676053,0.8333307885925886,-0.013843052842269148,1.062615518773157,-29.82445534752758,-36.908123309056265,1.8943933995368014,18.817635443420087,12.834417319485311
41.48795771214358,34.59011099800807,0.8816588572493304,0.5170833272490949,112.79215495744918,20.797905675212856,0.9583396692560999,0.11369826961548142,1.1179198361442786,-0.016458272714365837,0.7461076820382682,-31.722132162395003,-43.594800293796546,2.063340063463717,22.65864279167526,12.314093913310101
40.2755911188081,28.029242954076352,1.2199650722214974,0.5091476580470956,132.45978277098328,10.933270196986722,4.043898464468454,-0.06761550653601868,1.0582898483018488,-0.016911169581735067,0.9386639869769707,-28.43335952995341,-28.72425028316023,1.7284412512117666,19.304394642352147,13.457381661746746
44.94481314247866,8.48756866279873,1.12304111277246,0.4320872728107286,109.44217756309831,3.5367942475240137,16.270397567912493,-0.0036232193216373556,1.0554982549438248,-0.011651953653780453,1.0322474980621277,-30.840476632371914,-35.462537313076155,1.8230942523970077,18.970412045569212,13.06847004539909
38.63856853489639,7.454103216263309,1.1087447829259727,0.39291756265360794,75.55492961384351,11.136458417367953,8.57923333661394,-0.057715492006041036,1.007379948277645,0.00020084168465131142,1.0236068192492573,-28.922430804509208,-29.62852076310249,1.7021366801668087,17.622031975257936,13.444462328998654
40.068279531254205,7.6563244710555285,1.0373338498689133,0.4262652827293091,78.85192384160779,10.782379005074777,6.9204459605804045,0.06725496540917089,0.8566616214671794,-0.003308376958783258,1.1861882492103413,-30.362527475079318,-38.91839562892315,1.9272909832405913,18.1504193887236,12.656983469618956
33.90010352942933,20.932112634039637,0.8390573121773368,0.39936733615255116,71.50292079492624,0.6792991495263568,1.2464562724107466,0.08250313357316216,1.0916040722830067,0.03491553356725489,1.2309530344765822,-25.529938351624008,-37.06974139565948,1.9596527593062425,20.91430060541932,12.318058075400526
35.97634933762117,4.686510538479831,0.82956187262586,0.6027999273777126,99.10994110965592,15.290383962103668,10.610109142526504,0.00996564525174961,0.9441758087363535,0.00779041984810272,1.1296899072071107,-29.608999213429414,-36.73032123227366,1.8577081241303481,18.15837094509707,12.82066076157973
35.38991428318899,9.640421638490118,1.085594790260088,0.36307155627257454,87.37466034114559,14.122509021233173,7.2558621235306,0.03803380621367358,0.8427862199887267,0.016485907355131762,1.1540892184865974,-28.516191018586113,-36.46968884105703,1.8697613150245764,17.94467925664047,12.724493252423697
40.01765604607821,8.684448611034313,1.4895910382370703,0.40989463355227423,91.80759062655133,7.3731608598559975,9.782337888280681,-0.007255693997497802,0.8371558903024698,0.004962726625291526,1.1275007808666442,-29.09313586944907,-33.91755308633193,1.800619850920686,17.442590971133207,13.040620835922091
42.44287718103053,42.36936962748704,1.430399316384437,0.3745658141054904,108.08474506982694,5.3747671600289255,5.266486513599043,0.021105112411166187,0.8183295580708433,0.006631273145813268,1.2798096846245772,-28.930926094857142,-36.47973837274105,1.8672063613677814,19.473528670940105,12.795371312794396
38.30463798224052,6.263130771295807,0.9952800939639825,0.5769014373349506,93.76967107202312,10.95095642384233,6.287245827924812,0.059960466023413705,0.9440045809148747,0.00744552324872698,1.1852760240966813,-29.55691395476721,-39.17653257730871,1.9433879656381747,18.826300439336247,12.537002762484597
43.809149648551696,5.873450841389677,1.1036455753098076,0.415214568543001,83.41280436329855,12.434146662445357,10.286379677206263,-0.028687037388996018,0.9673068872744355,-0.041562087901092816,0.9414076852367701,-31.210669366864497,-31.659985931031592,1.7669989296972808,17.9189445412352,13.479821035409005
41.292138262644244,22.54781702585118,0.8914796683913787,0.4374699056514517,41.41508245129218,10.240029766547552,13.001002351073925,-0.010491070660307123,1.0481044965251838,-0.02117159484514787,1.1716524320884991,-29.034405649067246,-30.965905286652475,1.779546362534705,19.330341294948084,13.291571328254673
44.2414237608,29.243050343125002,1.3293597981957737,0.43831184328716943,79.14097623034856,13.63090820758795,5.345829756197307,0.03351316451711096,1.0336298844112133,-0.019339102852770528,0.920829316823254,-30.73480057635612,-37.59965342053067,1.8912885233005925,20.631168848011175,12.880891999055834
34.83989089971192,28.347170656945824,1.4647919108603735,0.3746717608059611,101.65984745312713,14.34189706786689,1.3787726922123031,-0.0337012071792199,0.9577131973384356,0.009190537662010546,0.8204119267510196,-26.784253355691444,-30.637827340029546,1.7674735124321441,19.263441574767455,13.134732116889133
35.72744976823991,18.084045631572874,0.8050146868711366,0.6266875968444067,99.54058094285868,16.653971793181697,10.019431782350331,-0.017874366528187087,0.6696738666612477,0.019251126518457746,1.3436903936244222,-28.000490965352334,-34.1715171605528,1.8126718697684958,17.10694298721371,12.905774251258014
44.72261226933085,28.67286345398239,1.0898764817899615,0.567882871286766,85.49479483631778,12.956616046997123,12.016798916109552,-0.02205622665007813,0.8973044612818083,-0.018829966786654533,1.1054205616694062,-30.49991982923231,-33.78892131713795,1.8052572846644435,19.195339337741224,13.180824298775798
45.54342942769294,17.720628820305166,0.9845577037197235,0.54841832489576,69.87280353073041,1.1154947335492902,0.880140141761836,0.0009868295977437944,0.937785643593868,-0.0012981056893839296,0.9397895686250448,-30.349878411266616,-36.43989279239103,1.8403945909625146,19.32554850579446,12.939302046037177
43.92607297953697,30.509849844954925,0.711863389315547,0.5929305670296903,90.55332496398127,30.000034230260898,6.399562605242641,0.0016616361503092214,1.0138359681316984,0.004901415787225018,1.1299963322859297,-34.88702330660804,-41.959537543682224,1.8530688463184843,20.21680209538586,12.855138359862762
45.873454388455635,17.043307236498393,1.0563471867235936,0.4512843581190398,120.66696780492998,24.698557579439605,20.02957529672726,0.06648204783549577,0.857794777239988,0.02063009034866119,0.9678416264802914,-35.013131136333385,-45.8802520610487,1.9651011653329846,19.749194498115077,12.386757094028754
44.791636214512465,17.33447788269968,1.0388372049981962,0.38528450106410783,90.21712272846509,15.524250937085135,10.414828573143632,0.0023231349711974607,0.8125343918361454,-0.014725087031629993,1.2961818119384863,-31.928505337980493,-35.956389740780146,1.8156818812594193,18.0125333434937,13.115524692037141
31.928849189709297,15.140445859866105,1.271076404246683,0.4782713202302501,130.74482056362967,1.997879555253426,1.066126573422741,0.038862564517945175,0.773870771123325,0.04246346720201106,1.0661473953255378,-24.487931540575964,-34.974746182101114,1.9164426847279925,18.608181976306497,12.410975606247614
39.73895183750792,20.376982200957652,1.3518004230764475,0.5464408887405483,99.2670049741382,2.2719850362591822,10.551541113960685,0.06515141653483526,1.1653018544750122,0.001423984182969533,0.8661249961121107,-28.046589716088782,-38.55631590060386,1.9716565232673058,21.649719333298385,12.484168952321914
38.698162491151,9.481485968187666,1.4389067865696172,0.5627573388239193,90.2191323315729,16.947170485571327,6.07530767181221,-0.013123953252712487,1.083001441157639,0.022798966132151963,0.9349520883394931,-29.74319901780866,-36.75548626329369,1.8222688395583824,19.355290925818885,12.849401428501873
39.81642792618294,29.701798028615848,1.4276271379389138,0.49054743781249216,87.57924117129716,8.425316377914761,16.21591793848401,-0.02761600530171703,1.0424813970879458,0.0021385802545130306,1.1104105968346147,-27.79733593544957,-32.01322875073923,1.7874929015688164,19.72418358375607,13.106846338682303
40.00878197863785,32.169498985910295,1.0424249519044464,0.46063253957668715,84.68912669240288,6.4589059985590165,15.805228066578387,-0.06048340154205625,1.2578827279878089,-0.012096318415694725,0.8827419425284924,-27.891849679516216,-28.21148890836696,1.725225405554708,19.990460899936714,13.437053222311398
37.207933100204535,24.642150531988065,0.9781897406070146,0.5978309189627795,123.84542744384892,10.749930679146988,12.40758830015443,0.005361736428571059,0.9950978893219921,-0.023412685864264246,1.0702127641560837,-27.311253959116023,-32.912378168884786,1.8669537857893774,20.08484925131385,12.991579004074083
40.23054539115705,41.48734590153286,1.4563595381338432,0.4079536240023483,138.46644298220284,14.033169398920878,0.9606889428775158,-0.014774116788776236,0.8187702635306167,-0.006737380011625358,0.9022644537079303,-28.875216641867183,-33.62685139976463,1.8168595001314203,19.157288826908804,13.058447394003233
40.03634126525655,43.24419727025933,0.8203770878164303,0.6883111207069147,35.0,14.411028348719391,19.088956657637905,0.01308442343454927,1.2180474907372552,-0.015647329237790383,0.7630736267019863,-29.663998014428916,-35.65679366675478,1.8588393965071754,21.2793811441723,12.968446823579791
42.15471855546763,18.029644528196684,0.9047977602328661,0.5055102939627858,94.41201923125179,26.100896898865244,15.704964004590213,0.007291598828358197,1.0138976026326716,-0.012319623608190493,1.032100141855926,-32.86998236528524,-38.746345819401235,1.8539356953532482,19.759394010813157,12.963692351871103
30.93092831876308,27.650132997140854,1.2417453055974246,0.42285389209468227,132.99897757232557,17.98431217241872,7.793588801273759,-0.02295291152932763,1.1450845385361899,0.025296032496553416,0.9396750958956555,-26.123556880530153,-32.66549454832812,1.8015976526158795,20.25288471246919,12.907160772462381
43.01311170864905,10.734151312964691,0.9377693377085722,0.4520894205276495,115.94813663983973,29.94614132961422,12.958465513500386,-0.020275753910987637,1.2261245587611311,0.0037004531003577363,0.9673483776654206,-35.001157686394436,-39.978524734909726,1.8021321903774226,19.77860719327154,13.043341933041665
38.315587881968355,40.84690677370641,1.0868730529537278,0.5149074838179881,120.42799179274749,11.489125833020733,14.247834564465329,-0.04146321440219322,1.048319413427979,-0.015627444309833177,1.2143911209457712,-27.311321483863455,-29.425430320048136,1.7740233751313204,19.811939234713687,13.274703948296779
43.7645393982014,21.997442287209115,0.882891942823242,0.5756128272390912,118.5298091640303,16.35543755771714,5.791067605235799,-0.044543348216258855,1.0722141695423246,-0.0038374340443636805,1.0078538801777999,-30.837225325972618,-33.8729247297585,1.7724956787011574,19.548291021375817,13.201599714809099
37.856862366763835,22.023416740623585,0.9500301185599277,0.48033538670876036,64.18707083566555,12.350143987494844,6.668896856007946,0.10714824276521347,1.0643080901767994,0.0004197377752696462,0.9485680931250596,-28.686477487126687,-40.26566728070679,2.0230771330088584,21.599738702607613,12.330676821797796
41.404594642999086,39.76664826038772,1.2283304089456601,0.4550903857898967,103.18583743425168,17.34322694862932,6.254928262202208,0.0296308477356369,0.7874912393420624,0.01799073342634009,1.022989574621751,-30.199387074319123,-39.22203868765898,1.895535907127297,19.522611895910472,12.628342193100153
47.43968177208839,18.949639982760957,0.8176905365178446,0.5606476839848669,67.73156711890708,29.85363152341258,9.175421360831786,-0.0013722893147729033,1.1938701522979625,-0.020970957195782562,1.3277967259814278,-36.32832431771922,-40.43123662645476,1.8266359438987139,20.09252931564125,13.117783970251674
41.50435589758114,22.062863745324847,0.8351187643335878,0.5098456126453664,98.39384799561817,26.6000286993112,4.527827413270023,0.09533957028036277,0.8448002985333318,-0.004012476612787096,1.4590132139012495,-34.27927143260486,-45.08597629911974,2.009547565964081,19.899519862703567,12.399614049172081
40.45670348743941,20.484288078589657,1.2467407784802111,0.545521243805792,144.17853965848067,10.30699046124693,8.16403234960033,-0.07658632657838225,1.122591281981242,-0.002692706030220544,0.9405975773917723,-28.274758972412783,-28.95433954930204,1.7159724827103433,19.221649136618446,13.409562366255354
35.59824690378919,16.243749440808585,0.9878472249459875,0.5128008813358409,115.29234251424319,8.625379613467075,6.439195086760451,-0.08821944126373903,0.9447799647959001,-0.000519904622959719,1.3495031232956551,-26.389292445587195,-26.710078988585607,1.675017388832701,17.66460547614744,13.557747052684215
39.31075806647834,30.591772952522245,1.43251637897205,0.5831116124909248,68.51206231606542,19.6094508835388,1.470267733775568,-0.020498229559008208,0.9938842639953757,-0.006562419461547778,0.9802276582516649,-30.02696198471952,-34.339053546304655,1.8052995570022328,19.74633950557633,13.099035874937503
43.041396326530865,11.660940113952051,1.1063100380166464,0.48658685722666367,87.87737088082842,7.900593848305762,17.23521086607578,0.04302027845241514,0.9172982432512995,0.02094346288749297,1.1532868978272606,-30.607216129039287,-39.96613706276642,1.906017551994454,19.015487671502193,12.575346708401888
40.94905574647542,21.369864533994324,1.0515701728682014,0.395670033003378,112.50240402929171,15.722651717799422,1.7660375176096217,0.011773150331025155,1.0258137905047557,0.031849474535886345,1.1813199706522535,-30.07679378629996,-38.55585095772598,1.8494733237648813,19.81937647328767,12.698489152168973
35.7949585868412,17.6411711620106,1.2535495287474898,0.4352611918892417,79.44440035068664,17.57238533432843,3.849795852526956,-0.018538868118334658,0.8444287683755778,-0.03933148571479365,0.7753841843912095,-28.202736787120543,-29.561762038539,1.7978150639413117,18.600884183574905,13.348269785333027
36.81529404453783,21.154657613047394,1.4921289274945642,0.6048575385657433,109.15126280177932,9.051692676617183,10.621152903896993,0.04641731331813608,1.1672890191469936,-0.034665948141543,0.821343581203462,-26.953340160281144,-34.749593826841505,1.9456144515646983,21.50454933733564,12.800208887989378
36.50324753797005,17.08325948145967,1.3586624323854524,0.47640193371402256,119.84692590666656,7.822494837410412,5.037575198398891,0.0020911183415456796,0.9360595370057874,0.026242937626868572,1.026555417125404,-26.823667596109388,-34.86314547193824,1.8478307865252483,19.286393187393955,12.738786875227197
37.584711524477214,12.282862827436126,0.8994356956607851,0.5613541581953216,72.30109992532883,14.0704236599266,0.064751055628129,0.034760512273871315,1.0917960505593576,0.005155536937533691,0.7109710714947132,-28.538405665304776,-37.56262644394248,1.913412342498918,20.581865806638596,12.649208218856655
41.95664577562727,16.16428716106325,0.7951247884290737,0.4372248048315209,100.44309736186645,15.069425810790525,3.494989339719538,-0.010920208455009987,0.8641741928796682,-0.016860262200308725,1.1076801526609399,-30.606734174555413,-34.24358240201882,1.809945566806554,18.442071187677698,13.150548873554197
44.795310187572525,8.024446562775156,1.0405826632891948,0.4241331817315261,119.27995935152234,7.888101664216321,12.590033945679206,-0.011108547006572985,0.8550503450698392,0.015630212123043396,1.4152815772157046,-31.87518939800426,-36.99228135459456,1.7900741295147937,17.054892673441817,13.010109385013035
33.62685346775426,37.650376291888826,1.171877138152496,0.5010347413414231,72.63781716624092,21.66439894727177,21.649891220740905,-0.05359450807678667,0.9509566157291047,-0.004254812941827707,0.9914788335392528,-27.649698341899818,-29.088877399716907,1.737717532907639,19.09556875427872,13.33584571138256
39.4105904785698,15.739656873545137,0.9547669327310322,0.5863938189491812,88.39816766764716,16.931022791204906,1.274718181661541,0.03448857609959193,1.1373462535642536,0.003421831729376533,0.8719004555033274,-30.079049609516236,-39.107495301974204,1.9153801433757616,20.839480033123063,12.653626129436589
36.85685635939507,20.549289169285046,0.6139266808751727,0.7271485079815154,89.55817367412556,17.550881099791674,9.649979355290633,-0.056366604308292115,1.2072030463305257,0.0411157668734347,1.0945904316032318,-28.228206116719726,-33.865967716841965,1.7527590188682256,19.828651840261948,12.98594755912866
39.213029401099675,37.87131697027784,1.1720165209642475,0.409024908339453,92.19542645347288,21.41765771253699,1.288842567055502,-0.014965046111536507,0.8373138200468577,0.005852796655467476,1.3343197505082647,-30.47161250432984,-35.47227624671394,1.8004864284988196,18.966360491930462,13.035332750640311
45.44833590930662,12.562835639941213,1.0173844629966942,0.4304152507306631,109.9627339882246,11.74635566546581,8.021909955734403,-0.008264372312630702,1.0974896386035091,0.004031555411951816,0.7657886539080712,-31.569572625714343,-37.615516754197145,1.8279109068456247,19.836073880588128,12.94890571000435
40.70700404269486,10.34237655882496,0.9850534069027344,0.5668290391927426,90.92216229833433,5.558912631376481,4.608270877644385,-0.02323667170554595,0.9934820551155485,-0.005899101115544746,1.40066552647423,-29.215412117811507,-32.586545147358336,1.7839274570502002,18.164875910359076,13.17287083874269
37.18829253139615,14.669316575804459,1.00685685248826,0.5481011911203958,95.95890004470378,20.919358281392014,12.380029128707772,-0.012424028646795166,1.0793309780037816,0.01528028458853614,1.2189200025267777,-30.113019743833842,-36.403035549119515,1.815488221709063,19.38261733140686,12.920953617379634
37.88083076520249,9.428599046401771,0.7069605161610093,0.37944966312391626,109.63774732519722,17.97735160687792,5.409499192164082,-0.040592099307371135,0.8733619346374975,-0.023549441834643577,1.1797734254795897,-30.37527103880587,-31.068336369717066,1.7406550092091944,17.373421157453905,13.455591090476313
34.35006023605294,23.049932830027828,0.9565061885613448,0.6606436281321755,92.41886219916549,28.932163820030173,9.618859334703203,-0.044943122164017385,1.2606346734803204,-0.03893057840111612,1.2856875579048692,-33.125157871270304,-33.26393682410639,1.7675220711561361,20.05179710390974,13.459361543013195
35.51391508727764,7.5791297968582745,0.8185324854203067,0.45180545875031136,106.47654978140332,20.208943161510586,4.2011618367526715,-0.0013869459931555505,0.8674413513028072,-0.01854461227762564,0.999798472699563,-29.81896586259866,-34.16245950650771,1.83056403914758,17.983290645185633,13.087494638621898
43.62409909835669,8.987459770792977,1.0498165073624242,0.4388618596421508,114.88562304186712,10.518142726934997,14.757697993290328,-0.03186487963549028,0.9380133151593094,0.03903135998754099,0.7363739387185612,-30.16777132602758,-36.91813009103083,1.7892142759789085,18.61115995845418,12.865858082913862
48.0379649863939,40.824213580764535,1.1937457549454786,0.5595897381662615,111.05116959967276,8.543801483365252,12.693002994706816,-0.023638485506530083,1.2636997817027407,0.027555254706997604,0.9108953472187604,-31.515619895147637,-38.635553561782714,1.8108796398218856,20.92422653513393,12.859878831019392
42.95973287174887,13.631468557578295,1.0371824339928537,0.4971030471311182,140.1722235021542,4.0310093337688615,2.776022279194965,0.008925364032324903,0.8632895166795729,0.0002067432247297443,1.0660115339413763,-29.653788568759985,-36.622083492248066,1.8646011000324132,18.746402654138254,12.845363681018128
43.21298257256703,34.65799754652813,1.0487930710732145,0.4561502563320629,114.1763533774394,8.43424508327689,4.267120126138069,0.05081099483576987,1.026494803786614,0.019508423406145625,0.9319717830497565,-29.5887420253058,-40.04450564365258,1.9382157481855518,21.11930096241989,12.479230129302923
38.61610310739727,38.05546163632559,1.0720692186007788,0.5022021283158131,56.127595119006415,17.716679012590212,5.421162616441833,0.07480280953536138,0.8884569418311749,0.010253147852887824,1.1112116984290694,-29.766383216101836,-40.305716847951714,1.9633934238280026,20.609608527918674,12.455623998004624
38.1583925286523,16.775231823200947,0.9927355847228726,0.4986431749785268,116.28696832920298,6.461176616093991,12.154746969885508,-0.0943263262935049,1.1422818959833645,-0.013599659637997648,1.0755228884687422,-27.04780176454998,-27.49695562754226,1.670256703636692,18.6249764245322,13.666774959948528
36.61768068808962,33.93092767195368,1.3091898640313748,0.45656534836810925,106.94852913107478,3.067339492260916,10.637581009401757,-0.05780900013207081,0.9510914442395132,-0.009460773397598878,0.8925379699600242,-25.904825066346863,-26.927356650112163,1.7364399974952003,19.059813564658832,13.375761978266913
35.712053447401,35.4256138499172,1.1766536047896405,0.46983242782809953,77.01455921537524,15.490267334583933,13.760108451969774,-0.0026120732035035733,0.9249747485894387,-0.022209538896869437,1.0185959385342278,-28.38226204291783,-32.44745688436161,1.8285883162831522,19.699609720611964,13.119080393206799
41.60614429478694,8.943241707034922,1.2157780518902603,0.3365859388653697,113.24118427165382,3.6971036863849047,9.450875166902309,-0.006723363899718633,0.706695395325615,0.025775413798065187,1.4633416063430105,-29.94930191636891,-35.104104934340896,1.7759583319995045,15.819641071848041,12.996958523145103
35.23515775725614,33.01328894467217,1.4325654569963218,0.6480498916805575,119.29221812912454,27.420676079874692,10.155616917971948,-0.032119030513557245,1.1627630692579476,0.027183807650916134,1.129221023443891,-30.828761386829857,-37.45540909775572,1.8001525203065714,20.366883907195877,12.900469847821729
43.05788350170462,11.369517639860142,1.2257135920918871,0.6565234551189139,114.1364244456303,8.868286854919557,3.105788884967483,0.002414338172341794,0.6996785588545729,-0.03182286084538216,1.1475951602461454,-30.192401487490507,-34.53348711595622,1.8565451568205082,17.26304269926069,13.084408405301756
41.179148016207044,12.654443957717419,1.4187417491479235,0.5486854950553387,114.03197641929691,7.699967513300498,0.2636810294144736,0.02572821170889171,0.946816531951209,-0.00987807475613833,0.8131044401689533,-29.0672545484558,-36.85836530579169,1.904775128638878,19.745059998084415,12.773739850826754
40.14040455546947,24.830008306458154,0.8490380504887599,0.33900448978959774,74.46331549593933,6.58252990596716,4.814419484353529,-0.05708743851076882,0.9444526805999612,0.016261831971759656,1.3058382801003219,-28.004673160431533,-29.33069340065076,1.697515028666705,18.235110225377,13.355945564547014
41.73804357459481,28.82793729907302,1.0744522559685654,0.5116375278820569,50.5283857598422,17.973590685775072,3.401571722526895,0.008415264844888328,1.007854837792009,0.005753326772407491,1.1997730046756476,-30.78021874477343,-37.26806574292208,1.8362931376578426,19.91168901736137,12.908254436199377
38.48292556380261,17.238020221500634,1.0453314115903956,0.5029966762579162,124.70799518971275,8.740410743630575,15.928377114282863,-0.055682187644176255,1.150164194798693,0.009934816931742592,1.4660934499630318,-28.399014834454505,-30.75833346084247,1.7336646745818531,18.974233395226516,13.257298639307672
32.947690209258184,30.54493286651439,1.287420195935033,0.47224916844218523,39.33952693848181,12.432412133176152,19.756223012959698,0.045344933908047315,1.244303549359139,-0.015027892131766939,0.9210080957527567,-25.796141652207034,-33.08960316208291,1.8921050246952458,21.454642054761425,12.849897872083028
44.364575505991134,23.533270735662743,0.9139486102837169,0.5715003030803057,74.48759433062833,15.609616113045151,5.084755069698072,-0.0007363395477855366,1.1793408539258798,0.00529949471924138,0.8665543694806368,-31.381104775581893,-38.2247180642442,1.8441706056546037,20.680923856162217,12.883562892961914
37.3197051548565,7.917218105935243,1.0135721299260607,0.6623075699463951,115.11612309179478,4.900581691896588,3.6176540566261632,-0.028526194015929512,0.8938202412205852,0.025184167796513685,1.002868676883831,-27.313713243727243,-33.685044752107196,1.804418048766811,18.11405068581667,12.897773180526984
39.398604153501104,17.496359668567173,0.9667027493918304,0.4091743283251401,112.73019746345587,10.042918951710135,13.484377385615149,-0.05723883178453534,0.9086590414060954,-0.007957026135600006,1.1821721618466532,-28.81487155864248,-29.63451942100489,1.723225714529157,18.03238745443811,13.416768788411508
43.66247393448927,24.285026507675447,0.8077772012958409,0.5179913693980019,77.54738838856937,12.058050001743702,5.605042032815344,0.03778509038782253,1.009412584672286,-0.032016309530488736,1.240762837967107,-30.722816142424314,-37.090098569497655,1.9032380975004881,20.30415837803182,12.924200312573252
40.192748171967644,12.988608662722804,1.293053489856225,0.40899446477081897,96.43529835128612,4.5921010507797035,9.093292146852841,0.094207215502001,0.9323234225872851,-0.0057244183970052145,1.171320698196023,-28.98468473752701,-39.25673055441349,1.989795515410803,19.7642765038002,12.47172858655804
38.00103826647558,12.845003767811008,1.075087624143397,0.28205093987466767,122.86935118911339,2.8999465336392127,14.38857686988534,-0.04145219312300516,0.8179868338284342,0.030238503495541132,1.2016067684295908,-27.50870202681035,-30.903420682335675,1.7219474784244546,17.03548350429489,13.170595838456725
46.656955272822856,36.9013582730384,0.9978407647663072,0.5288351547197172,97.9923775554625,15.536231757983911,11.755163885495655,0.05174853400198979,1.1459059086379617,0.01573213909462469,1.1381607874897954,-32.672200140070366,-43.1464704272626,1.9424610621391019,21.6414458371486,12.48873653318047
43.120370500462855,11.152813381090688,0.7445828546631293,0.5510650006018669,97.25499138273805,4.556566958360611,3.7271096711812124,0.04818066825211091,1.0533299904754312,0.013940965357318128,0.7499091695264841,-29.790622682441903,-40.06641091573656,1.9449919368960131,20.610463546599682,12.491627474400628
38.084742520151615,26.52051905320875,1.4493096450070995,0.48357648609696524,106.6422589426298,7.272843732396701,2.606603192023302,-0.045535671120884066,1.1009166872306118,0.010675318392005926,1.4402348063278105,-27.126105958486324,-30.473958400346092,1.7537298297007042,19.433171041421414,13.176409613481571
37.65289433831501,21.0981220916211,0.8793689808791616,0.7084825042840499,109.42667975127901,23.54827515647111,20.462671365757252,-0.11630945059154854,1.1139053490284427,0.0017427744047043428,1.3314087852723293,-31.264374748082698,-31.92706026059675,1.6391529366607254,18.338452448554513,13.689778282627163
48.07924087077046,5.685776172493668,1.3601697655834804,0.3027031120383858,82.14923756972183,17.01879789932824,29.4371786800728,-0.01727513999454629,1.017592871596796,0.042867588310458324,0.9784266012996476,-34.31658971564027,-40.01165810348197,1.756405958942042,17.86031666635761,12.96155854414459
38.20600943817161,22.71578248037754,1.0817889976147208,0.6416273563542654,99.52012625317317,2.8312598803811726,4.450551206356156,-0.007001889104965542,1.05903105535072,-0.013284148844797653,1.388934907036804,-27.10288502637306,-32.20399216507562,1.835970657834898,19.8604879998988,13.033328487430678
43.117395923134566,14.638468364612244,0.7753643058126909,0.6933363588593665,122.23662150739071,11.58450569737411,18.70313760295139,0.03851354137408094,0.9750716617860822,-0.0003316222223540652,1.2830707884295338,-30.333809378520048,-39.24503629920034,1.92463350849889,19.771071358153065,12.646846960240348
41.804873352382074,2.602222903013809,1.0986396548765862,0.5508624884452642,91.45861642232285,15.08791482201903,15.64140631754507,-0.0372354381801408,0.8152998304947356,-0.017032152095905407,0.7817074951619644,-30.8430936906076,-33.48085803187501,1.7860049407643224,17.238540904009596,13.239551626706584
39.383280208127395,33.766047202104936,1.1159292894472845,0.6234652868020325,122.54325267848282,17.744373390372402,9.847938486390493,-0.0007356705599095556,1.1371966775972702,-0.015681221412817158,1.0209444565208252,-29.28953376480484,-35.227249309858294,1.858728616656537,20.848901342238083,12.969056546471178
46.65078764573381,8.948157502365966,1.392025620483337,0.5515925715367878,118.78519222039301,13.354696057177692,3.6686995071458446,0.02681926745495128,0.7636056853150558,-0.04535540058101561,1.3209873865503772,-32.97694971829186,-37.348591476307796,1.8835275213227152,17.374188919223744,13.082098554590543
42.63784264301737,10.624250329537816,0.8745006451149153,0.689209636182886,58.63515978988653,8.42431724131915,22.4291282139157,0.07055787114915157,0.8741915367162695,0.007433825252584389,1.05056368654809,-30.35903849504833,-40.70087033319634,1.9707534734743912,19.279451088006056,12.449727542550406
38.15784072904874,47.34728592686705,0.9347856863446057,0.3021254737122909,44.22935419848414,8.761641494215935,13.754736339284158,-0.03692909992533285,0.8991886091716802,0.015489306670821988,1.177465708309667,-26.95978912145965,-28.941990839952282,1.7156080540595353,18.741049846057745,13.290384521978954
34.9225799049317,34.15534019221267,0.7344255064952777,0.41835487854957076,57.78281727053791,4.602251628993872,7.777442323513216,-0.016854937472869768,1.0259900362429961,-0.005899824287544565,0.974133370680705,-25.288415789504324,-28.730061082242806,1.7848254928861342,19.770265939439305,13.16956124370665
39.448935204494944,13.687279944065665,0.8435484488577147,0.43126790573659546,64.90344442699498,9.508977070864294,4.580116175556125,-0.08490811326142744,0.8911729042700314,-0.013508939299459248,0.7894160715487765,-28.12542062839135,-28.83400807515786,1.6680783399695924,17.595748805435147,13.675067010614788
42.456041368945364,35.195413559448845,1.0377509230880921,0.5902197027418457,106.63564101341292,19.24796043881041,10.6182254016276,0.10003566697944984,0.7240992945313902,0.007270530789828946,1.1794069830873697,-31.447929948291197,-43.306803443920366,2.0392199357959537,19.959191427709225,12.239936466732287
39.93586719137563,15.811370369478844,1.1826966461225625,0.48363452025733733,46.19686683591037,17.8197425329628,6.07192592462786,-0.040277925216459474,0.7673519068774096,-0.014892886471276625,0.8706090034566788,-30.15082754007539,-31.290965818363784,1.7427078802004579,17.492321670822687,13.388448016261231
45.49018696469729,27.177304753058745,1.3146429567551734,0.6112154715666145,97.66338330981262,9.638509581221454,8.735932435389568,-0.003054222249535417,1.0894935725279908,-0.005627885942035325,1.1301566114322732,-30.53247036992807,-36.681085057620436,1.8467437166333132,20.369084069406846,12.945131857297028
42.43001902157852,20.75542156033995,1.4286629591501372,0.5507489566542924,61.609956473059135,17.379563653355603,14.582375411222724,0.06424990031553596,0.9512506394772388,-0.011247329105919841,1.0956958528919665,-32.35102291153316,-41.439013000268396,1.9493453875407096,20.275230983054012,12.635604665670845
40.96512879509071,24.62912270183356,1.3183430930329108,0.6243203899246275,95.27717015638956,11.826120379295775,12.930532861864382,0.003035699189473659,1.2323010047080978,-0.0034979160177203124,1.4701280074831573,-29.793976036401656,-36.33133298003065,1.8520187696107464,20.70113684979228,12.91286064654114
41.80581088150639,7.860939753649018,1.303335807256231,0.5658443072909608,62.25926872471828,3.908922062861221,0.1979901324233655,0.08900179827843958,1.0871723738028396,0.019053215570750966,1.0014406407289553,-29.901305970902143,-41.40030816358343,1.9928934544270942,20.389952863582863,12.309595712971964
42.24344623088054,18.319875405474704,1.0867545895864263,0.3467799618716162,140.28636369734858,8.138316096955895,16.017498000873445,-0.08261117172389272,0.9913808994651613,-0.04680784388129234,1.0798702708430437,-29.093999463656324,-31.65890404005067,1.676343784683748,18.145322108861148,13.877539992041545
41.946744652369674,16.22781387338467,0.6472218659084618,0.4516683286175755,69.34216236776948,20.62737843345944,0.846303099851232,-0.09562304726072686,1.0099880521574562,-0.01097136438319601,0.8667043389615673,-31.337688441738795,-32.3024144916909,1.652132055948576,18.133870956506282,13.723265002406894
38.98247206219165,10.691927460880947,1.0949785675226855,0.6162242845217539,125.76814965962673,15.514926051726865,19.336764231138524,0.011668400126438473,0.9130366936574454,0.0035820280670240735,1.1425793776912205,-30.91337367706807,-38.3596964429569,1.8727957751675672,18.793070404879103,12.795657697109649
41.01184436493719,32.130468610724435,1.005485750569915,0.48921762991845774,106.58286952951144,19.197489080106532,1.5521295348474275,0.012104907574510014,0.8677327416138363,0.06,1.2709957748200158,-30.63171047098404,-40.8286278768777,1.864979062958,19.54189105954006,12.476545330055707
40.53170011514426,23.09423514310699,0.7652021847809748,0.6241010723225474,86.95962586139665,8.109592458844478,5.763147147458155,-0.03218472427680089,0.9871739425287774,0.03203943748338012,1.2552249711575696,-28.532253562484456,-34.8765370446683,1.787897563283886,19.243610305255523,12.914119441251191
45.147682587339794,26.404942267022665,1.0977416272177092,0.41111825146284714,93.57017028849856,13.810328831613331,6.138322040054226,0.004073384877519071,0.9428529426452629,-0.001592253489495974,0.9817486688457184,-31.04397864488977,-37.03799164425932,1.8374042182232588,19.648921122550956,12.951734591697237
39.236945344345116,5.965985820346024,0.642525963465466,0.354783058597245,133.49294960886752,12.016306204651741,9.63211139837969,-0.06244324944307172,1.0656405174754555,-0.0408084539463932,0.8756576671579837,-29.087682598219146,-29.641140618905713,1.7162236083247546,18.280103632003332,13.672396820928107
33.95817690724782,43.72912854965248,1.203250054956753,0.6664418573294957,96.82644005456002,10.32346250025515,6.487373994750554,0.014978869293030952,0.8877084775199963,-0.006767724354710054,0.7954186279433915,-25.478808100894685,-32.97576899883576,1.8877283065691763,20.155993068537754,12.81117919289981
33.4302422573693,36.56881238892255,1.1072339442585397,0.4400315561384544,106.9666726143718,3.3591299663666985,3.482651428805525,0.06476326403792992,0.9454624578902694,-0.011188141192929666,1.1100097310168282,-24.831028265815945,-34.25214473851083,1.9581065662633699,20.863437451627913,12.606927832150642
39.965033866705085,41.98213877379941,0.9050935641247746,0.538601226941924,121.85644289386022,5.02153233738122,8.745765990733055,-0.07756628271565394,1.1623548579184144,0.010008936906266863,1.0607316758172753,-27.381372031140543,-28.64416952256983,1.7103873798999079,19.656734237363484,13.346715765754524
42.39641523655749,24.62150048069204,0.8087867336171304,0.4019729359129599,107.65176968107306,17.549773337787048,1.5478210004147375,-0.023811739814207686,1.0974890677085618,0.011609605138736625,1.2046693641700774,-30.83004752153064,-35.681712537380506,1.7852354843285754,19.709884941855755,13.05359199957565
38.69589176622148,15.841353239238202,1.2506662841523828,0.5357281213050227,124.20352445223749,9.305257035142887,2.1956596631947534,0.006085861563788826,0.6367572237392809,0.0020069872369574727,1.0264068191664713,-28.190633867308442,-34.98693935730186,1.8622496719109873,17.248419624525685,12.841919214635556
39.14120878393805,31.19379744434867,1.1378755471858426,0.49514062639216366,45.986263083116334,13.009030614422958,11.377307507144646,-0.10104718869951224,1.0506262388182568,-0.026533926870460568,1.1315465022983477,-27.885789333531203,-30.84790900532132,1.6332619758913598,18.39322379099834,13.912203637785275
45.23871025817957,31.252284862708247,1.056772141498806,0.4837220581991742,142.923042239918,20.349871204439754,11.709402030345352,-0.12,0.8031864261026112,-0.006650359392933461,0.8955219425750383,-31.628572155260393,-33.214433669443565,1.6313453340653032,17.441858248856736,13.7803497323898
38.336335112213575,29.127159450936905,1.3448362366547424,0.4418243621643656,56.556933360116155,17.093685904196214,14.477295509938273,0.0005179347430398954,1.08857823566259,-0.011995455359658742,1.098060969257304,-30.201660411799587,-34.608444492114245,1.8168191240362472,20.124643116558975,13.093294740098697
34.14349908977779,41.673697825037486,0.9113879551406221,0.4636930149613505,110.43573649135581,15.568017414750125,5.794335615824528,0.000135928976112216,1.0068532214962105,-0.013004375714611431,1.3831048814829512,-26.869650738642726,-32.279931928672724,1.8421905304589181,20.214104614619252,13.009463151739052
38.956999974522695,7.143154933083478,1.351891776273665,0.5870719788138747,114.7491988858213,11.838416692957745,1.0529046530456085,-0.03700798693479453,1.2840599939834298,0.005225200807607207,1.259307848005615,-29.31142677640489,-32.933403059924025,1.7694119388920593,19.123877845714006,13.153402237003414
38.22606297980775,23.56888003505746,1.12209711629363,0.3801131037869837,91.48896278061211,6.880502650139462,9.561891390746787,0.06637732194362282,0.9707634236493724,0.005038908802956265,1.2740485604454999,-27.765621323035568,-37.37782441244156,1.9375191901433777,20.28358547564853,12.570999751456442
40.69860174819017,18.770943256482816,0.6982196575194513,0.5588385136769882,100.50659909546671,0.561507135301631,7.835569030941215,-0.04215245533088158,0.8779820576203444,0.012512558963425558,1.51396498945759,-28.249823758079216,-31.984834694060453,1.7598898149184687,18.11806579992844,13.141390280410095
37.25008529711326,8.832115587771252,0.9525209179465246,0.5848195601101567,112.79712867074105,23.93968750211035,1.2168447873006638,-0.03373784762500379,1.1493841049637965,-0.009000419590513684,1.0588456020534744,-31.662014910406064,-34.906207336204986,1.7863697743750717,19.16685060144074,13.184444778108361
36.948066458799715,13.99788827028135,1.0471113630342068,0.4868004004360419,116.64154204404949,3.477815975907039,12.07529738252088,-0.01769207660219588,1.068781879585491,0.0007520626441936107,1.1908642425846052,-26.94072025866358,-31.768653537277682,1.8049663972093473,19.223001487569675,13.052282177774877
31.681677724527788,23.05115370957887,0.7135664407462423,0.3561929759375052,111.30100787108907,9.530700487141111,11.588597361105352,0.05040921433353246,1.178194526010308,0.020238713241405915,1.0766210816228843,-24.744665759281375,-34.683093144950064,1.9154431983621218,21.17871355803735,12.54869961382439
41.53729373347345,13.899188928686101,1.0267555370674524,0.7158183259841638,85.74197399974368,16.0544902206371,13.949335807093203,0.011946382561950339,0.9305383204468543,-0.02111708402840995,0.9719118630641939,-30.221242122269416,-36.38150858889998,1.8793772820786467,19.38984156156774,12.933375918206561
43.74054708519091,18.156011309528864,1.1205420620532542,0.5931679504306516,105.25059187154902,12.70746523655107,8.8566002295284,-0.03652470599505336,0.7722479553590291,0.010960577373589162,1.0126500018326103,-30.817117627923402,-35.49030630734389,1.785244772335742,17.954393480469058,13.057747505100512
39.268298632669946,20.112361799419926,0.9856690802943917,0.49726641007114625,63.315652504145135,5.992165171011351,14.915953400545693,0.0452408289009305,1.1046022998100915,-0.021956882533892642,1.355331642245607,-28.290310360736814,-35.280781873972145,1.9008987475102173,20.38365220311876,12.865473330224283
37.85739577742052,21.230603063350422,1.0672310954967736,0.5841974656670601,121.22411238674306,2.912309932178594,0.20874729611376353,0.1079660798295328,0.9562227932556816,-0.010747059844274385,1.1499159174078817,-27.39634957630548,-39.04014550096424,2.0532558611162015,21.14849719330115,12.308611135703973
43.71709882040725,48.11668906533633,1.2662397491446797,0.7719130092552247,109.09204161098707,31.753235858223583,8.737964425056074,0.01582815153550683,1.0640826102630818,-0.022548578187755776,0.8125638389805726,-35.174841486713746,-42.04157276761685,1.8959058332220624,21.079399050768405,12.886301521759322
44.332567347209334,17.304318754983697,0.8790171098833272,0.5946093784617208,100.10308090323186,14.97496425596612,11.48168916571731,0.021271618283639514,0.893934806043758,-0.009541261242192858,1.0443376933251227,-31.945025277854025,-39.23876100292037,1.8901012445712773,19.39747679817019,12.821048222810834
39.1654227080379,8.542748141159251,1.226335708458293,0.5790408477144516,51.6416969709219,15.918942159260117,1.7808910495653558,-0.03327464812654342,0.9145892838604246,0.002879310193719149,1.1690736309761827,-30.266122715266675,-33.10121211463683,1.7556070941106927,17.54015695322338,13.220450741338778
44.46616168169174,25.445603915394944,1.2412594620591753,0.6432412292627977,90.22856152128956,14.47456750571089,21.055806669047556,0.021650809762391178,0.768133501317589,-0.016053080080397342,1.3964969830440375,-30.958856192217176,-37.69451457356955,1.8882485719403184,18.7869798924765,12.869712464980323
43.67199993325441,26.600556660860274,1.1937180272889363,0.4750073644805674,119.18502497471957,26.00875356816289,7.09165811176179,-0.020307876950904486,1.211451753934499,0.008453940353728378,1.370569099646472,-34.64207995478184,-40.07473037271411,1.8033357764371427,20.29579532503257,13.008221662087974
36.05028493941646,44.84524429259547,1.051693066613981,0.4909586139366671,131.9346425053183,5.595295771223408,10.825203107878256,0.12,0.9226442360217891,0.012826349611646104,1.1413273022687656,-26.471688695138532,-39.474291136029734,2.073648589219451,21.784509777491895,12.104564968927809
38.71904453612046,12.806922845967456,1.0006017087146675,0.5358054406311521,122.02836677795136,2.059965174908494,7.3959808341889115,0.019017342190434924,1.1934543033649272,-0.03684767486595653,0.8897190942299226,-27.63893924455033,-33.17852184074363,1.8898936206827612,20.671592524112825,13.002237466681624
40.61470986278782,17.239328552879925,1.3473069270672924,0.4350185288878835,105.23644947343843,14.097517196640755,3.181283209968848,-0.030872481709023798,1.0493293498521137,0.007377363589277224,0.866703859406833,-29.41763638486913,-33.78483040594999,1.7820643946236543,19.397237673041612,13.092617232481867
39.875821444849656,5.64619665813866,0.9125027672647986,0.3851885793419998,120.12858489346246,11.693481383491799,2.713731034729971,-0.045777555455734906,0.9652578733738911,-0.014932040100064266,0.7784676053889928,-29.40540627310975,-30.867049544999116,1.7544427781961687,18.111106031264036,13.343862584408521
35.788173500751114,13.911175821774322,1.2601029625393247,0.629425968040902,135.02152857196273,17.051967331439005,8.255822399968949,-0.12,0.8291222399372746,0.021352104122984824,0.8887143241251527,-28.06842619197477,-28.530801911218575,1.64025797788922,17.102495280663046,13.55315603809249
40.022798687180064,19.84065888638448,0.9696157620106732,0.4350677925093959,70.47878821381317,8.310510029288334,10.51927977552371,0.07476419162478459,0.8406240244935128,-0.011955388093833438,1.0961689806358423,-28.70370624321135,-37.7855039869267,1.9550145600344127,19.556165894536,12.621791058900733
33.61511715116273,29.139870097452985,0.7753951876838591,0.5744855146276313,96.70637639446275,10.954019804178664,12.223285937098893,0.06531099294336361,1.3730808989911123,0.02453834202041143,1.1192187719456075,-25.744175752910685,-37.383914725032106,1.9706245744017201,22.530838235563444,12.34577070423383
39.41848233200854,10.500394972829511,1.0600431811924276,0.3805840686747463,107.24545403162104,19.52975478073464,7.77844998399153,-0.057419381591238695,0.8688784198694613,0.03240721082460648,0.8611053192119558,-31.16916621489489,-34.808537735551255,1.724012996613065,17.64455387471805,13.148871447278056
40.31385898956469,25.51634352976516,0.7093672078641103,0.5042329696478186,87.28901289470268,22.309576404759007,12.779707387254344,0.009628531209321691,1.0132822498304628,-0.0005263756537898873,0.861209692305354,-32.69315551150436,-39.686070531154016,1.8607128707174103,20.251616784831516,12.863492926151714
45.86734678564068,6.007158829003234,0.6710604195546663,0.2739866397941817,113.07662798592753,7.330092435765523,8.085995433051712,0.013889465736148437,1.147347810474091,-0.009855761229109274,1.0060491266005105,-32.00458955008298,-36.56388377997983,1.8180863320309057,19.087467215310333,13.074580952575158
40.3889077668564,6.240528985225169,1.0331161306490833,0.5989862737997635,114.5621955021437,10.344387706583051,9.338151442371458,0.0012820908327928439,1.1180188638303887,0.029301511631070358,0.8554494028547271,-29.512814023963692,-38.23504107296709,1.8629332897164501,19.71246066352211,12.668182310334819
41.70623664789691,10.781690499380794,1.2638331968108567,0.7051472986638554,59.49098074586241,4.293705829719814,26.066469556196484,-0.0038573419417766777,0.8783041584658713,-0.014099945677645987,1.1399878593181572,-30.022239138969525,-34.761856835557175,1.831796281195199,18.243515065512348,13.053567822671415
38.61582517096024,20.882532887759396,1.1009525321334057,0.436883637338381,123.37925474790187,16.988978941118916,14.809830576225568,0.005421348526324849,0.9396041231829384,0.04230616636019304,0.8913400116451349,-29.65395076636538,-38.76757596457901,1.8538811729923965,19.639193148551474,12.619602086093142
33.657251079046326,8.053112481686856,1.347956692835528,0.6170545432812018,56.007934677030974,3.4689846199084,4.065978990513956,-0.021218195321151625,1.0251669684992166,0.01623619339947472,0.8597988648137785,-25.502243310686747,-31.262752217913278,1.801342538700773,18.873122611435655,12.96548538909612
45.23408459603307,30.15348913567152,0.6787366510870709,0.4130064088582658,113.07270273932994,14.159462524470387,5.089537378645305,0.058897990116975246,0.9130771554722592,0.0012171649507265883,0.8175449019982409,-31.40422973320384,-41.139157450641235,1.9476206154507258,20.601589077699696,12.562264608147972
45.05465721149316,23.821446184639328,1.2590938965127667,0.4060353776877686,86.66568450000177,10.70325055388461,12.052005803494513,0.07533066860034733,1.0908420235296794,0.00034738665861346925,1.0695380127356926,-31.433571324975645,-41.57264690172652,1.961423929759799,21.210204175101218,12.523424620502455
38.57112790722945,6.356235919955692,1.296861787220975,0.45210382142865846,80.01192379994279,10.64912322231026,2.864426344692812,-0.012108663686139168,1.257607292491839,0.006137502918052823,0.9297125481515455,-28.823632450259424,-34.01796522731377,1.8034850314469597,19.531948839988228,13.022648607513604
36.649129367584194,31.019983783431798,0.7861160030040569,0.5158035590541387,73.43271857598387,7.084629188912372,12.228464525133889,-0.119026613871368,0.830982378404607,-0.029743946065791935,1.1135838901589075,-25.836889061212446,-29.81849267427843,1.6176363386823043,17.38494249639996,14.00234048784299
35.20729724631881,15.921307203282531,0.5987190493143374,0.4728662225786923,102.15934362633895,11.522686540200342,8.475826728517124,0.06784508536975768,1.3164809668521809,0.004606059811238741,0.9820284836631377,-26.942713858958243,-37.49345322514443,1.965042488211633,21.94500114594955,12.48534054343213
43.18074419630892,7.685584343530194,0.9175658269949992,0.3419173275984406,152.8917158804786,6.361657177327401,2.1647624877244054,0.05112468255559589,1.0593652169859336,0.004290029694931103,0.8337224209321983,-30.342126566210702,-39.65295122564902,1.9291563040178843,20.00671086433975,12.602914151638451
46.02326360227158,9.770584003509292,1.0129429841385058,0.5827914421165954,70.41292962654471,12.799766639760332,2.313490268853803,-0.017467709060595128,0.7706680335823962,0.0051778156458709215,1.1324681499657117,-32.18945316771874,-36.96512689883332,1.7994197723478333,17.1904331431162,13.043572908286865
31.4704323663463,30.919983816376636,1.0628872403664777,0.3838091238109131,134.83400806696775,17.260337345851486,2.9417154152780123,0.026033895085515596,0.9188571439416388,0.012321800683710396,1.1519168178740653,-26.687102586196616,-35.156234680778994,1.883975821617328,19.974212132846926,12.702444454673346
40.49468780067825,23.675145536825504,1.2866524037350753,0.45369124612833384,128.4482306169165,10.972808808948093,28.748601196580836,0.045462850335057495,0.7337292062615367,-0.04264479046786101,1.0540454792299847,-30.742335441838158,-37.07854201927982,1.9282998790604509,18.91575491003277,12.911016088718087
45.07713346340347,43.85118149924952,1.1460464734018847,0.4339626671844129,97.47406503376438,12.718695823912363,0.12827120393655456,0.05342083858139225,1.0619273149365165,0.017074788270568547,1.385777445986067,-30.971706635524466,-41.20155571364835,1.9325148531913483,21.257611526557895,12.512566453326388
41.34180936216876,37.53006805945299,1.2739098199549141,0.3762303343657465,92.71010284699686,24.83760921065305,11.324565676544333,-0.10862783366460382,1.2626796360879944,-0.00039879936595551755,1.1432784715190485,-31.98777735481269,-33.18636963800869,1.625631404785944,19.047258686109462,13.761311857619145
40.12945414213667,19.034059127743326,0.8431837435353945,0.5405549289724636,122.37208761841877,23.637175434085666,10.748388274611823,0.08059045750547465,1.1016104679538148,0.01398100834393198,1.0099298025226289,-31.990594650707393,-43.66078541612468,2.001614818408891,21.47188835801086,12.31343146703402
36.99814845589415,13.26630773504722,0.9315100524488233,0.6765583855866862,86.06743361002522,6.9653878821450474,1.1746331414419018,0.05365106233638885,0.9760456479683741,-0.03609406660545132,0.9036674405037567,-27.285515348527916,-35.15431959619087,1.956665103233906,20.248942568983054,12.77346390738838
40.26756478307219,12.492781045758072,1.0782871860943084,0.5359843153513172,116.98638907292786,8.149583392762485,15.638352569991778,-0.06216893737961746,1.0289686668695937,-0.010852620324104549,1.106958833940893,-28.72332195189927,-29.540455023047556,1.7304607036823154,18.439138501448213,13.408274380315028
37.318898373809816,31.403735420106674,1.4621834921845998,0.43285875003989843,80.30860846809495,15.097374458016722,16.319822280687788,-0.05122701602771288,0.930536530747906,0.02329968252310668,0.7445493077382406,-27.49186870367344,-31.108128768582176,1.7381266494753913,18.983422764868894,13.153524343350334
40.72343816961158,7.2900428924619165,1.2197816279900802,0.4366536416558459,98.41192797101395,6.234198556238652,13.087877026098418,-0.0435465583114066,0.946402592149399,-0.015714987757220016,0.9866677999011035,-28.981494696466548,-30.218127468122503,1.748547611916451,17.805613510481844,13.37165289388364
40.39433427312355,38.61141241082103,1.1390189771587975,0.503086345251485,139.4912433512025,18.763871020467498,9.193559710440304,0.049086356179721034,0.8030431771542198,-0.03222732282537213,1.0888421961653765,-30.38844102429986,-38.08933577617027,1.9447481812082947,19.967377248082222,12.786918479816094
48.32658277735764,21.036339730723473,0.9853742425965756,0.43281223916546874,118.1986863375442,16.710615481440335,20.88814962096763,-0.013054216267130837,1.2084944952006558,-0.02136731609480772,1.1889647060657975,-34.60855520382687,-37.98327443130053,1.8113109371971474,20.210265950824393,13.175827458669882
35.05158315232661,34.3847124461486,1.1483469023130153,0.6775626646599565,72.4663432369601,12.292096656854286,7.265412281988631,0.028379965276518183,0.8477993090267937,-0.016822989835141463,0.9568008773568104,-26.64964988022106,-34.07027289719253,1.9057460592301667,19.914227781507815,12.815509861842688
39.4911107375463,39.12847054228239,0.9875055149685297,0.41776147230363575,104.3768879141753,20.346921286364484,27.88850117198517,0.08678681083893479,0.9998780260814846,0.020114510389855154,1.2176604878613002,-30.722377290725493,-42.47241716845978,1.9937420439848197,21.44963728849846,12.30057222894689
41.78998779902462,8.027515263565892,0.7581469917198183,0.4645214579114164,94.0947327537907,19.508693320891854,3.939911000977297,0.08511457688642032,1.1685314266562354,-0.0039395175104749445,0.8490160494773377,-32.10361134659379,-42.83169535357635,1.9958325374491455,21.11381301430493,12.441689460678171
41.55239876877968,4.678271696249686,1.3321049606034876,0.5805340465240678,98.84977699592015,7.934982913349274,9.834962001839898,-0.0011185475366054937,0.857825159827799,-0.003163296671920673,0.8329565558917565,-29.9619326702671,-36.29204760358572,1.8544590701413197,18.137082885076317,12.902195713262243
34.05746409825595,11.502302430937299,0.7844274026344338,0.6480430306517353,109.25031554552272,1.679312098656422,4.483277905404124,-0.04799556386538581,0.7149116129895571,-0.011487064196012073,1.0045836312062488,-25.251105930106284,-27.560975395779195,1.7673611897690549,17.022625780766084,13.271818271476766
34.539369483968684,22.197360398546873,0.6663967597087954,0.4428001807027069,77.05141058674356,9.19002865185186,19.952419625926066,-0.08913531563788919,1.043963069868988,0.008908377749146948,0.7878345877492217,-25.273974932109287,-25.4077359162558,1.6683091468950968,18.64971133126039,13.521352412377924
34.67878169038873,28.657426196065423,1.2739959149204538,0.47727578314152297,79.98195049922431,8.710174843908217,0.3748831436735234,0.07591178369584232,0.6501982793569079,0.016517809925657878,1.3038479310506923,-26.194119021174092,-36.756243507771174,1.9695654295342466,18.528111035860906,12.39771245344198
37.2921735855411,40.78601101773631,1.0583077748804752,0.5469978992591802,121.21851639599988,2.7707046506025326,1.4630012111796935,0.020639666025235127,0.9703122726652529,0.012560077825314877,0.7638738594784554,-26.3633783932542,-35.2659727185876,1.894930209209641,20.61599749509184,12.664185165721106
40.28097129823074,24.944696608169913,1.1321786873466153,0.48955783055103624,143.44820907102422,10.555652075046245,10.67453174351294,0.011772228801249967,1.1377439528617963,0.003876597111758028,0.9266618155631203,-28.493099583509213,-36.34815914762,1.8756482431246486,20.833202888236993,12.784048203696235
41.296534708042564,27.17636307729599,0.786053476642863,0.6438910059421518,132.94009477369633,18.36728352359565,20.439201781114313,-0.03200246604947407,0.6895903007215971,0.028981483793193465,0.7514646996744593,-30.769098503161423,-37.426473927751054,1.8061132670261013,18.057831224054198,12.867909280453562
39.91691447700401,26.582642052208264,1.0436852255349236,0.37148903849530107,119.99311689968006,14.641330485186264,13.660109763330347,-0.016840532710729068,0.8521482419905335,0.009114530982731463,1.171248999270934,-28.89435723993623,-34.00129777686197,1.7976974722543644,18.76552317976899,13.02434008895284
38.238738362951466,16.04655037720042,0.5896642980887635,0.5590550589004528,109.1518397827715,8.886086700403313,2.1767433982837927,0.042711456257459306,1.0353842306232592,-0.010845494722275136,1.266129611526904,-28.07927457270152,-36.45253387567259,1.9231605300289547,20.281025591634283,12.718749869999879
44.96079098655328,31.939014810601712,0.993794479702887,0.5088013550012369,122.45776254075435,14.655935343947757,14.282874995210701,-0.08159569747112601,1.1535687358926712,-0.020954404472228964,1.0810347806888179,-31.52859692920803,-31.498217046102774,1.699508936658171,19.39543630026413,13.59944160248616
44.46220507710339,16.078964412977363,0.9309009905020287,0.40982386773147716,96.4476700893658,12.280667400354007,11.656316060157142,-0.011964653402537159,1.2870602261682473,0.03315175452195983,1.361639412114421,-31.091803082673778,-37.79964197247588,1.793594178578018,19.88043618390499,12.886652280353895
38.25452173525001,21.006393096715957,0.8410101600630289,0.566586757184203,81.86307015363776,6.7977434888560015,11.422611391083233,-0.06016811620819697,1.098529319615754,0.029274104921304278,0.9571286231154004,-27.0036388155725,-30.933979671174203,1.7346351102439586,19.289181930926627,13.12848680877041
40.25261021646941,37.636169621439755,0.9221819014040545,0.42081985219425616,103.6210466347541,15.112155627211543,7.488226354093247,0.030702191787556572,0.8196707971351815,0.019075499104370043,1.1796548384817638,-29.26896782532654,-38.24101956992926,1.8911293606807078,19.611606105930257,12.636315565344617
39.62316357308068,31.94171111888946,0.9139993504347269,0.5955459059677395,112.43157139923396,14.233058200982388,12.558698719110408,-0.025691565219587667,0.9887036036395834,0.014909236588295334,1.3197262765233944,-29.39708064410472,-35.31974146451346,1.805664203985983,19.65888535808845,12.958423373822201
41.67735661058029,33.49046482314253,1.0691904697426744,0.41203712828696715,87.57153759580484,8.683043852072908,22.69557641233324,-0.07318739984508604,0.9583699606366616,0.001973689727693779,0.8604129338382726,-28.4322195995399,-28.84386344187139,1.6963181239789435,18.739081954950716,13.455580900532816
40.921399519471095,34.22989809075749,1.403720991691313,0.47164393345708244,58.398848974689976,6.739064371725903,9.687213223873837,0.013117260340025147,0.9223204064853258,-0.018402427223502663,0.9825305711906566,-28.303063760383367,-33.51297476721287,1.8482765343095735,19.831214047940943,13.023689961412678
45.54623397491625,9.953896272633543,0.8067334747933637,0.4279227273941401,108.15901367069209,9.464167867520937,8.288606517741266,0.019704762811971036,1.1737685106485145,0.001084447220344187,1.2009138808184054,-31.893490356319102,-38.80282727899652,1.8575058363631685,19.682891834983923,12.864230440908463
41.99650937641164,13.909888420319,0.875374330730144,0.4870562533791064,87.6242465260817,4.200595705990426,6.102738668573285,0.03839962076126616,0.815783126997861,-0.0020942032220162133,1.2060222501476756,-29.478952779485503,-37.31004062783771,1.8976243955206793,18.46110032667811,12.747774180066369
45.642131469458995,10.946827910811997,1.077101053069803,0.6300473824929087,115.9356409739785,10.260264284941112,5.162927337497312,-0.06597828831544464,0.8532736200581369,0.016404361032678724,1.0206693158889082,-30.99858155255962,-33.87227459621873,1.7331924814565587,17.59770786721142,13.216839120396095
42.31395843890813,13.545322435406717,0.9934987049782589,0.5333271035950437,96.91666884635532,7.85911647266644,5.598467584761769,0.05752772426861189,1.3944177341637853,-0.01138575857361805,1.3913096156902718,-30.253170372195775,-39.10000124092356,1.9349635452141196,21.31083440098736,12.683363429392776
39.03851094735799,41.263308015990276,0.8860940359333563,0.45529457401663953,123.64419993152622,7.348293133128385,0.2790221372100232,-0.044126571394357675,1.268007756761454,-0.0005377474394498057,1.005966650992557,-27.241696721049497,-30.206108283923676,1.7649543835328685,20.483634114985623,13.207916690223666
42.192457019780285,6.724629860079836,1.0612831067740909,0.5411519626635686,76.10288258979779,5.256778272916214,9.753988379842355,-0.03679841565068524,1.3263585622525234,0.020261367296965455,1.0432603863446133,-29.70159880893695,-34.237729907543915,1.7634646739158693,19.352108484964845,13.078115199440001
38.39290908056463,7.8139162202898325,0.9607314434967107,0.4821757272444017,68.0016366928635,7.472097365260434,12.047601576333008,0.12,1.0849946655973646,0.0031395340921896897,1.2242114710869247,-29.183067875887478,-40.65452944368644,2.0250538758968095,20.183652523921282,12.307937934276687
40.0744134494533,19.115924392816428,0.8367789399620561,0.4082756175012692,91.66500513918368,6.96483250374531,13.027377560041188,-0.006937084697725491,0.9018068431578218,-0.015355285055329643,0.9045014977953734,-28.448267879988233,-32.49097553414957,1.816137232771951,19.02080790081312,13.118076331816543
36.65581481446965,14.840882626959228,1.1030471939111097,0.4880326252475902,60.65711804168549,9.26923107588734,3.4528185560637326,0.040215037512962036,1.1320355913147446,-0.014719434740294806,0.8604499650550232,-27.322196107366764,-34.807102942605155,1.9007275122305296,20.58583793313597,12.818711491917039
36.11473088859164,22.94514763462448,1.0467969220521867,0.3860688559297513,97.59587052278177,9.736367658516587,10.730351099765068,0.020584789361700093,0.978402046577635,0.005531713552226095,1.1466158551497982,-26.964416898643574,-34.25974010434196,1.8602381932584529,19.768767182013793,12.826320778500076
46.582777139879084,9.350763789189607,0.9871823642863925,0.4270429382521303,96.598682402883,19.260536743272432,14.947167552440824,-0.1060930680201358,1.0038207534896184,0.0030185061749219235,1.433509104432602,-33.79502716010242,-35.59026532191329,1.612846424288926,16.68693281182552,13.792191573873767
39.04037924339003,9.531497990100366,0.8531381573115877,0.4074925387617714,117.29414148390885,8.789962671260533,8.640580852005892,0.040472122765699794,0.8216718342187103,-0.020625809119229805,0.8827156105139222,-28.552334735415727,-35.702235850687,1.9105312981713514,18.600336895944217,12.824275991833185
42.925268798983,39.536331143437934,0.7677739347834159,0.6172744365685279,128.43254550478864,10.578233304487114,3.2171033870173673,0.005735508427316871,0.9574398781846305,-0.010153036545182879,1.054878617760437,-29.52786556751771,-36.26321381360852,1.8713580395875002,20.287224577603702,12.88907617906506
37.70480008039364,14.060641545227575,1.008092708629809,0.5191328067857486,97.53291453472107,10.531974974818606,18.50944985102789,0.016604555354049155,0.9916147738034744,-0.0018587505579762108,0.8399222334113343,-28.68141859574933,-36.149902926943334,1.879088389103905,19.81035624502107,12.808983180199487
46.93533901018989,25.03859317569332,1.396883559941026,0.41050617285811786,63.90983495631163,14.38465351033998,0.16444660511530884,0.005515014972270325,0.9546697713495395,-0.008605346239126397,0.9667178739138799,-31.999790661971236,-37.01596529304154,1.825904188902508,19.552409172734805,13.038330424939582
49.03767935730239,18.76073129425413,0.826026728592667,0.44307904286610095,92.86272480199986,11.907908942584635,17.24725296301552,-0.029835185588891255,1.2553117142883525,0.020954337002070163,0.7288643235631678,-32.0630206381927,-37.64593182703767,1.7848228486533695,20.30819145966649,12.995217243598029
37.16485310737125,4.195248057609099,0.7392328128076848,0.22197631104911436,90.50407086323473,13.50505004395359,0.5504072750858251,-0.06610511156241812,1.2780502736014818,-0.027146101088288316,1.1520844175850387,-29.463453492985327,-32.56934284792983,1.6316177791490003,17.41830203619343,13.923590288094347
37.74749130841384,40.67680348898211,1.0564838083808636,0.6346262040803194,126.14143318507435,25.485739297639853,16.188949154421792,0.04716832763568028,0.9700203125446181,-0.03446066937857567,1.3271244196584493,-31.860601752244754,-39.64413988697647,1.9473802554633255,20.933111765923652,12.793044070479056
35.58889540962489,22.987644444723667,1.1001443413994627,0.37177019706166137,83.82638740643277,9.577621390348169,6.569756971702242,-0.048871870446019705,1.022879625812566,0.032538886805699004,1.179202736287395,-26.6124316626296,-30.32917036476018,1.7248864730619642,18.811615817976687,13.144703525917853
37.14496741552204,4.936124514870182,1.296736141850483,0.5431835593537031,77.51213129202095,5.620412564985784,15.45911605042427,-0.0077193949432154685,1.0789086516951136,0.023725486967636215,0.9476443636645719,-27.6607967870494,-34.665017741407674,1.8223850618298472,18.85372108182171,12.84317589373731
40.064713060466346,35.947593588390035,0.7799980826413668,0.4102254409335151,82.48018737313708,18.533841960245766,4.591913458360347,-0.018661081805955364,1.0127649503849554,0.015211227262989784,0.9161016257933484,-30.101756733941542,-35.57525110538957,1.7934253845797008,19.83575782833313,13.00063003280206
37.45707308158697,9.642159610092072,0.8940487390570053,0.37280795183972626,103.33256980680973,6.241331667045414,7.978402425772869,-0.09341720279993634,0.8501562262589499,0.0009440171101852526,1.3811842129355656,-27.73705367440565,-29.11216191727497,1.6309250113477887,16.110928190525375,13.729741838962182
44.87867005239756,37.064706070204366,1.1474609839796313,0.46296849103515536,116.51410797204352,17.75862141366674,3.5887705831530408,0.0015363137611552678,0.9174852481512192,-0.016192598064502062,1.1800614903840914,-31.96892426057353,-37.28640010932962,1.8468454159520633,19.804838627422864,13.014094200432957
49.28973327594165,9.333790199156166,1.2037306426135048,0.6223796131080843,142.52019350250518,8.553951031155265,0.721074713000732,-0.024563260819886572,1.3634636477561672,-0.005003795321749303,0.8929403759708957,-32.48974571360695,-37.56338959976204,1.8188234912824774,20.43203481531763,13.040020444298449
37.56505917727371,7.540957895598252,0.8483696834018626,0.36469211996258116,127.70632894021537,17.197671096951865,6.862675159619309,0.060188340942973234,1.0229417881166962,0.0016016826318950147,0.8503458919163517,-29.71703736916698,-39.2209753523643,1.942674652599233,19.8729623177698,12.575831281214267
38.258649034110775,34.0131966337506,0.9785093547263797,0.4400854116962549,84.77903882500802,17.507847591701786,7.858907375365335,-0.055087005902641255,0.9628065462451788,0.02650052517590943,1.0976088434457012,-29.12837472173258,-32.63698145696165,1.7303550876202363,18.993331625981995,13.162459766742098
38.189747824379594,11.193186140189894,0.9304937499830757,0.43872070451152473,73.68587967657113,31.74327802615941,5.759032219236444,0.02560329918046241,1.1837770843741877,-0.0018614456436011847,0.8460353846367317,-36.2378760993991,-43.58324162815566,1.8731335092093524,20.335653387814972,12.829344867294601
41.40819542115052,10.720185674090985,1.134190549289035,0.35114100462121844,103.20043940073589,6.832075612687043,8.016928987371534,-0.0533164991299946,0.8737601973326551,-0.038316470964893164,1.4131856387978643,-29.810304242359624,-31.022266264284095,1.6987673185046201,16.77441910246614,13.724648296990186
40.780728201158645,42.6441496467889,0.652374035219362,0.5173178766634845,147.1671806162498,11.180941211579448,2.633173406487713,-0.00788978377024503,0.9011584202413759,-0.050787852925536045,0.9803588792349716,-28.650569632714106,-30.887035983226664,1.842458333485449,19.82619184965861,13.264893897295346
39.412485099684154,23.841032218861066,1.059163770280654,0.5936345645079296,73.52174504958765,15.518825696921903,1.9895538903381045,-0.026062387803129052,1.0156075699362668,0.017773548693394495,0.9650565491006617,-29.062936332055,-34.85587146039132,1.7974488701611182,19.599407832415903,12.969714294010181
32.45931608164211,19.004413992201766,1.100529261876468,0.5745987661743955,112.34817600076661,17.270370505451325,10.471489908360434,0.055836336045826045,1.3185848383523202,-0.019830218576641127,0.8366202154360987,-27.412953071064436,-36.65019872919858,1.9611841620365171,22.092769795906428,12.65244384671827
34.27416238013223,10.754756635851138,1.1428347354649901,0.6716423610063688,123.76895913666496,19.51049048882952,11.178281016293015,0.00876078272452086,0.9896851047207416,-0.02373441440749169,0.9808803371266237,-28.435393229808717,-34.345757958213326,1.8773881527278322,19.46466821781332,12.957560198751594
42.55439802785741,33.147468208847414,1.2796121996574437,0.5295182302871091,99.38687942952805,14.609198232030595,8.770033732660723,-0.09257309245532204,0.9836627018638089,0.022928989801199937,1.0601739890054707,-29.988687546042826,-30.887867114929147,1.6765130743263459,18.61708236204814,13.395472776500851
37.09119141269432,4.877877122171023,0.970772860078082,0.463843216600768,80.90128567317652,19.59299680980372,0.16903222636457826,0.09128037854086418,0.9452180621093782,0.00037373413734897,1.1393094420996213,-31.251305567081147,-41.354348276865416,1.9780346370413395,18.79335897432215,12.470566295556429
38.799031613030365,22.740530910459523,1.1509880617345931,0.4395745144537519,38.75859092740662,11.931869781547764,2.436378199432953,-0.02928244661116787,0.825258707289763,0.02180102517915768,1.2841021257333862,-28.457971578040343,-32.069013036490205,1.741159576685317,17.861662767630474,13.1516973667673
39.85591819560304,9.022551141432245,0.9813093552430815,0.48132161356689596,122.53863648861676,12.539837719160317,7.587342016650284,0.004725471383262864,1.0245460652635774,-0.010029442899180207,1.0425404194850585,-29.92912537008614,-35.73151442338575,1.8495478817151434,19.11786670429454,12.964039126557017
46.09628501257923,28.63667768065384,1.220314714697719,0.5555330919591518,97.5737012418667,19.794289245702902,4.233420501368613,0.016445597053796224,1.1071185340811585,-0.017230170262141596,1.0106522798262088,-32.63391656392141,-39.262455299401424,1.8800102860562877,20.81143003092434,12.905601217316924
41.013838663207295,4.0057407810512276,1.0682982067315425,0.5199876876852499,115.49946149596357,13.737397386454647,19.659041912187796,-0.025854083517038585,1.040285676833956,-0.005590225170705964,0.9329642078540791,-30.48569037292762,-34.575674425944825,1.800001072061918,18.48297263250298,13.111886691045656
41.96357347591233,9.06857060517957,0.7215198213886972,0.47894251516772485,87.2393227384233,13.097764122710581,7.445163123120927,-0.014669034867408531,0.9527088721558784,0.010748606536883821,1.1419523948781447,-30.41964953718965,-35.609561150432384,1.7979644105213635,18.266111081475,13.01284152010075
46.35116668248118,35.26625505540923,1.3199899160462412,0.5427929079085654,86.95410090462696,5.964482155622017,3.1034621626256307,-0.06059923634133192,1.053540539741747,-0.009947237583089574,1.2122519638685165,-30.234759695411448,-31.028537289251872,1.7323787399162835,19.37520269847535,13.394720909815808
46.8047863164785,6.335098811928084,1.2694051214624815,0.3430025202398884,108.57151829248737,12.711486355809267,13.320344975756292,0.010330901011465315,1.154462550160905,-0.0015691786738556716,0.8435589241820444,-32.47362383291674,-38.54244958769214,1.839711751468319,19.525319808817535,12.943459852012158
36.41952856512328,28.602065126305384,1.4385938048071933,0.6297923390596373,87.35587553935561,11.32845871873299,4.5356199127746,0.009454909862319892,0.7655513962779226,-0.009900809126029647,1.4400313845409027,-27.075426572403245,-33.39986610806943,1.8648696769673594,18.720549624064734,12.909834217937139
37.80210514547424,27.985247213579974,1.1974686148636564,0.44505684391600486,87.05065442609312,7.045025235743185,5.425493707364213,-0.019151296957742665,0.9966148287094381,-0.026726435051643068,1.4375361976549637,-27.06329709165036,-29.071848843521284,1.7914806144487985,19.368439184280636,13.284974997437423
43.18431630994043,27.433599811772485,1.42373431851647,0.5216548097846525,133.30338885661413,13.573065320784567,18.569687044989305,0.002173642540086183,1.148819629938307,0.03393710351640465,1.1345017525365848,-30.68552638165918,-39.61497605614829,1.8562897228770174,20.68563409238958,12.662350223538244
46.01075546460709,21.512249461038312,0.9557107040324607,0.5130209847894401,76.6834993626993,9.283584477991853,19.224092641809538,0.031786414821089425,1.2817790221137138,0.00049054926334673,1.1097681597782176,-31.166142498305774,-39.417495735844504,1.8925583223960265,21.243549767806304,12.748325113223109
40.698356155785156,7.197642077102414,1.1516242966459103,0.40778483404348126,121.13485235205684,10.435600328335363,24.0553603855359,0.018444707514157093,1.0923843405450169,0.005448404661461767,1.0134723964209487,-30.77349101629311,-38.093577435394856,1.8629661522390124,19.340802787500284,12.817457464629806
35.95549221708775,32.091898453735524,1.3905900111073417,0.43804487808229037,70.10614633433434,13.126967931633011,2.3511580330757376,-0.03892977435658529,0.8955812846641423,0.015608613080440892,1.121259232143704,-26.94219840953464,-30.614963082681502,1.7526544006222162,18.816843302799104,13.148400683451063
36.04572027759953,4.287920339138026,0.8814810813427695,0.4957098422690154,92.99467067823502,2.3876932025379474,13.099016391025526,0.08921794789958704,0.9682153358668931,0.02045882933483267,1.1703409634307733,-28.009202158166158,-39.079191961844145,1.9829191448328423,18.893633008659297,12.332014167470383
35.56183575356542,42.42957100859055,0.8226294046584256,0.5288205220686432,86.84117439230617,12.27381682180585,7.011635032171755,0.015968182371533884,1.4,-0.002090940948098182,1.1705268657370898,-27.002481891128642,-34.55750062899894,1.8734481588348328,21.87208541188472,12.829742477215758
39.85829438754742,4.722154576978134,1.0757789210815778,0.3078792229460251,88.11424941287977,5.413711729121551,5.87937868459419,0.022241940128549447,1.2625936166823628,-0.03798916675510985,1.1335688033621039,-29.658439934588834,-31.94446383934649,1.8183838919721464,19.010239374492066,13.263296936159355
39.999011039209094,44.337838611675195,1.4856146451973027,0.45200675583120303,101.45328117855263,15.08310567578934,15.751803638310157,-0.037537412824879705,0.8674417997125232,-0.015481622509747063,1.293615769239227,-29.896030646358255,-31.874036916090187,1.769858149460093,18.998024669794912,13.28933098543108
41.07354159839821,13.023372845626305,1.1580023098544276,0.36861172859975166,103.31390246796863,12.64725421978839,7.96269744854913,-0.020140241195536958,0.7884090163151308,-0.0063438862915359455,0.8839858663327631,-30.03828707511548,-33.54611851837872,1.7880425667383972,17.77694647263221,13.160648212968693
40.02304896830511,36.721671675095735,1.1505095371831284,0.5435552382311591,135.67243558470602,19.739819238592275,0.6589452372595961,-0.0038920788578738668,0.9218738475507333,0.021270381641051918,1.4332898404809724,-30.273456117446585,-38.05800924854524,1.846405793842664,19.7601027706703,12.774688416072028
41.46600790690998,7.365652955927484,1.3316943819421747,0.5836440675211231,129.62958978852157,2.2165648893037253,14.218755614919743,0.05933124389370235,1.0446939497648409,-0.018727849892351132,1.1522376399613854,-29.80243002385702,-38.576385858298984,1.9558116686100626,19.74467269936262,12.662690987997696
38.29309278677385,20.130049619100923,0.9872622704590172,0.47419354930605007,64.89684179873132,9.508121067150771,11.768483039653878,0.03418211041923771,1.0251511522852816,0.0021081050866638795,1.1830561852679917,-27.90872765431597,-35.755657067247284,1.8825694114485185,19.996867590451238,12.77178136616585
47.607921208427996,12.921764264381402,0.9493326316882112,0.4449928484398223,81.93002406315159,12.053284245712485,19.44393856153764,-0.03477709599264452,1.1718868072222157,-0.009934868109365043,0.9507012070822787,-32.78667789506189,-34.92744435726115,1.7640069351900445,19.379821236646332,13.27401288102269
41.80092438579835,29.887443836793203,0.9778864219286747,0.46261577106168766,67.31803090011145,2.3178348136938904,21.71411946924464,0.038831063013820055,1.2405438801930537,0.00960252727237467,1.110792635350529,-28.821187671623882,-37.735578462863636,1.896514030663055,21.410965310174486,12.677424045355114
39.993731092408765,12.803063782507856,0.8589365824852369,0.41162363733583435,53.386014246198094,10.94300984626906,0.01499877042477138,0.009065897330535002,0.7245704188313873,0.01204084085696296,1.0207654277650002,-29.31448905699405,-35.2112757882995,1.8172622457231626,17.249586827427823,12.935298059670396
39.167399100721056,13.565032850393443,1.0236632336020026,0.48820984189909633,81.60995501311864,19.618156672774212,18.395186633797678,-0.006549242980982594,0.9604222339846262,0.019394863616569037,1.3717099571692304,-32.546004820116146,-38.6660638504395,1.806550436722074,18.454893950405296,12.926709697877396
37.05838388972565,35.225483998798225,0.8552695844511067,0.5272910244411162,121.67392868690291,24.0043723691559,1.0781639334135775,-0.09768174563997811,1.1240930826794595,-0.007285504972604815,1.0081099548677903,-30.05794679766153,-30.141061975120657,1.6721190445640568,19.1170448671578,13.615653274879456
41.34425806875679,19.457832620989453,0.9227295910220008,0.3251630493709622,112.80361384194237,7.214900026247649,15.771039668897622,0.04568567796560865,0.9259686812082736,-0.013527983123232586,1.1996457685163546,-29.102018126859612,-36.30323388518194,1.894463243828452,19.50065158697198,12.832131009382872
31.01487195088484,11.870933053382082,0.976422663959636,0.6121082602155796,77.91670042297689,5.2212039086015105,22.930593151528136,0.005526040044841886,0.7654360169934895,-0.014754727322352529,1.5126439117562036,-24.98060954780965,-29.696919673634355,1.834304043566341,17.160816532311486,13.048975633595166
41.366418474261636,10.81552390136067,0.8025086332971963,0.5201393915626306,67.98866723875132,7.487880138647384,6.710199802516714,-0.017432616347731807,1.3187101469047753,-0.04533291426106446,0.9319078299053833,-29.183057485996578,-30.021655491138933,1.800277856591162,20.089056822718874,13.38099834937142
37.71361446912248,7.78345909127967,1.5806712870230466,0.31944785001096454,117.51917037808195,12.861344423598513,28.8486966465134,0.013435415429755024,0.7476823022705386,-0.005683009277113996,1.0056754047392165,-28.672947739929967,-33.97025639008768,1.83334952873352,17.060174133466493,12.992693569735179
38.425866228617146,15.119354360231974,1.1022374787042997,0.45874686110954166,74.14920969498449,8.61986057772863,6.853298117411746,0.029302537510806383,1.0759608365775788,-0.002797694756864895,1.1874162468110612,-28.378453778720466,-35.55310629530639,1.8720097882488578,19.807326551353846,12.839217832766375
47.96028942455627,41.04153049339578,0.6910310588565368,0.5868582545044405,94.58735838793858,14.689570612033489,9.755990945735277,-0.031111245986488213,1.0320967086323867,-0.02135091451985838,1.1028929336723032,-31.781356107458357,-34.362480157087084,1.794450276229271,19.965157993822114,13.237471867095886
35.50142863192649,28.33169706756435,1.4289894068370157,0.4977040026231658,79.08569828103379,9.969457529692777,20.74812552272639,0.043926531473265,0.9912556977947617,0.011912481908796914,1.0458555556538855,-26.38525409888159,-35.8603063681131,1.9171933803304861,20.579389229454193,12.594467930254973
45.15469444869481,28.56408204895348,1.0414226170119922,0.5842367635106331,50.914642428141924,4.573380207498481,9.527851227423744,-0.04745145584432907,0.8030343935514105,-0.008164866936900432,0.8535566508256196,-29.854904748807062,-31.52426500424077,1.7482873576060252,18.319315702603685,13.321652761192027
40.940596333466985,15.529620099586609,1.2506553582500053,0.4281376489062976,110.07616560590346,12.947358240461035,4.776092614574772,0.021402885806396103,1.0655274103422474,0.021947727301690638,1.1059402315552989,-29.759194537730362,-38.33771934355577,1.8703841153537446,19.890285433358795,12.68833153695527
37.629819098678865,17.84271709058398,1.344474291065054,0.5512604964698281,56.10043005300687,18.97401183235064,11.05201420642845,0.001814479010817019,1.1791770380688584,-0.003870576265039729,1.1635631223474912,-29.47888175758747,-34.998949922370564,1.8283185307803043,20.082946923341293,12.998715752354437
39.24260917501279,15.002793289414733,1.0157557998882019,0.5015177189826112,81.5876747511965,12.11982614993697,9.312969718896827,0.06024978479767173,0.8711952919624938,-0.008550945501281595,1.1018211786513288,-29.00967781760457,-37.88748364645993,1.941924419171559,19.353144964188502,12.642498152312161
36.472291250830565,4.346534969400203,0.9234457954960873,0.5028057296490605,115.05411168033021,8.948519316252455,7.077522164260109,-0.02901905354809675,0.8898299356873066,-0.027824946823771565,1.4241594797532642,-28.69439309713144,-29.81706570916743,1.7595047591862127,16.594218333473776,13.41271827300281
41.194354105563164,24.274260936788448,0.9582743335569595,0.4382420422516241,106.90835144034108,10.871628586652198,4.37337539613881,-0.016873384591632744,1.0929600637436891,-0.013518568371487388,1.3192149777716367,-29.098430568837685,-32.65472129262796,1.8011129614791674,19.76639702130481,13.16040724063326
37.9514903438214,32.4693324216652,0.652912053178684,0.56228920955254,105.41259440172824,22.28614570353471,2.281834324750413,0.031031042598044165,1.0652846781994716,-0.006698886161856571,1.0402202668172915,-30.708885667184887,-39.03610783092614,1.9098708655651135,21.009847629751807,12.736256551365177
45.450982374662736,17.540963882505146,1.1006065253560404,0.4828947345165612,122.16023578054373,8.77446256911163,4.102324569236805,0.09495564465422093,0.8657675659717533,-0.02668660359270382,1.3004226826882697,-31.43802043463467,-41.2611585241057,2.0123786072646617,19.861328309821552,12.53438601625734
35.95146947098247,8.019800172385434,1.1639554837713229,0.44223537839186566,121.74766311020241,17.326705299921773,4.044673387684682,-0.02402611245502446,0.8746653684081636,0.012557312233450323,1.0542884181317096,-29.39541937610901,-34.33858415600502,1.7896183574651428,17.723411395889027,13.031494996498648
36.0095840172646,15.357818563883377,1.0898437480848195,0.52934217739637,52.789596334377855,14.40676569958868,10.964636262387684,-0.07193131586685456,1.1175889601153333,-0.022852054993570875,1.01261546704837,-27.603537168027685,-27.9134140936141,1.691820794705838,18.642710183467454,13.643535363273504
45.97041368299573,13.677412419415091,1.0773958511077755,0.5140622171572846,114.13564993781951,6.960694545086679,21.72222496962454,-0.06699797888519018,1.0683178186661275,0.06,0.9148532059649401,-30.64331352907147,-36.34953711508773,1.7257954998181382,18.80730655728736,12.96990105756718
44.78877947457532,33.15934375296273,1.0360798285615573,0.6356716139188385,76.70625989824772,15.610469763603067,11.52478872912888,0.05054182779008642,0.8475533741131439,-0.06,1.3406298848724982,-31.605790785128995,-37.24702657453763,1.9408670810203108,20.018499362074213,12.987406618668265
42.70591459017738,37.520786145773904,0.8023176629020511,0.5530507415118329,139.49353804528127,12.155852244147958,5.798666664746472,0.07337180663749464,0.8279475374576513,0.00701229933782687,1.4362362343340411,-29.964721038857107,-40.935505556967584,1.99121948358597,20.367636233152115,12.388174315893336
44.828695117087456,15.112767689681625,0.7915408716647452,0.4635831296071481,79.1109298734562,10.877133313537419,9.897300843939483,0.00702933613070149,1.0153292949415906,0.004046756580159015,0.7694646015760613,-31.061377937397133,-37.890637954076865,1.8493405448343538,19.788285570653315,12.873565510232188
40.75441570496177,27.963763039714266,0.9081466653395265,0.5331154685692417,120.95915204894595,11.37817528122488,2.0453577504491998,-0.03313262713827596,0.8344667222478649,0.004720725232681211,1.1613407122796013,-28.744966436183947,-33.18144601818963,1.7894221545026188,18.691646361312003,13.08293477791068
42.53599236396771,19.28110160650591,0.8446404531701627,0.44231792694057687,116.75686984879488,4.944751259593629,1.1931411036250914,-0.004782868476494035,1.2967608982039278,0.0008718041059001965,0.9346742244762561,-29.131674805272922,-35.25504390033462,1.8328932208824482,20.773397561040124,12.951690325447002
43.631494035456775,38.13133543023591,1.4471764948492236,0.3871335493347281,68.54180047525892,11.161334630854645,16.85079723454146,0.013824137348707011,1.1793722727872116,0.015372765360002236,1.05802905373032,-30.40115931479376,-37.80283010836402,1.8408156816845855,20.86871531391044,12.831172802878976
39.47631851702523,27.747694169833395,1.3440876623627651,0.43685577940393894,87.0545080320495,11.748319756355183,17.120193341305402,-0.054378097826269324,1.0010983731594327,0.00939857105014403,1.3509152394045845,-29.13964130473421,-31.16103283152523,1.7270235474523592,18.869795809939397,13.286291892451667
37.16134233721045,24.8820422042151,1.3711225102754896,0.37798550252300883,106.05205131753803,7.385640737548402,0.5860028624927551,-0.02144014471695592,1.0816658906971937,-0.0048196697620770754,1.0087534450825841,-26.808888747541516,-30.50652780142542,1.7884373774359348,19.774851365212157,13.149114315426225
38.057735296894364,22.248706389931602,1.019187763041793,0.5472736776445186,114.10680998493744,14.168810913514736,6.813790567716217,0.0103741730841562,1.0872329454776524,-0.004543310025241479,0.9740040163679236,-28.655455050766193,-35.8037166430102,1.871786631382878,20.485640967449918,12.851236216892692
36.01817840654408,13.27136630526298,1.2424555424701351,0.4273610835917965,94.57548119343191,15.66860040116215,12.076866702437563,0.01587402468640577,1.0216942064492809,-0.006833031564355403,0.7493786849866413,-28.959361684515443,-35.712396869478425,1.867115066283905,19.871487196642054,12.882127301581269
42.97966740823732,37.39211972556717,0.9913156143464101,0.5928849302387565,107.31821465466422,11.67098167727001,6.319303936989263,0.03286324008236984,1.1018881006753185,-0.0014007239415403609,1.4315348992729753,-29.853757382782526,-38.61068920387438,1.9133673769289699,21.15392534158711,12.690813323039508
47.42270644109005,21.639244744983202,0.6530186315652229,0.4468375688580281,94.79744910122146,12.643557897089318,17.426049104708863,0.08517173884607805,1.173140628007335,0.04868384807213555,1.2980627632957944,-32.587829460489466,-45.24276996433844,1.9848506222043276,21.610363552920546,12.159005596650557
41.526650457592595,31.86546223307338,1.1739547491507811,0.5638585267179536,92.26933212853247,13.603806543549988,13.908043632326724,0.08458171626344933,1.0094054814584477,-0.02371239056961072,1.1068087571433405,-29.70996489153851,-39.76817350533469,2.0045523244019736,21.4751038781426,12.539686370033788
40.037558169770634,23.190176401275714,0.9968933485889383,0.28043825466995076,86.71392731398126,16.3323842559431,9.155465958097276,0.00979131724470897,1.0403518842741488,-0.018260698511314982,1.00418430555994,-30.424803117413628,-34.17650488518825,1.8141747077153727,19.716308481181215,13.144577131446754
42.647239770477704,25.5313569747777,1.3667275933850178,0.42009158324356444,135.13751573473388,13.218345250937864,9.687168389181945,0.016416517086379222,1.003560401397307,0.016264351650955005,1.0395617668515649,-29.932491248511113,-38.306466028090576,1.8723595150794474,20.188414793923737,12.717047541352148
37.23479063680725,44.66301793015098,1.079007716144325,0.39126956902481297,98.39413550131248,13.218304386907304,0.509756042977453,0.042466956440906596,1.1945540669093004,0.003398359206445358,1.246261097955626,-27.72512846298877,-36.61741770597108,1.9066085561258888,21.573408263240324,12.682848352759022
46.728482106491754,22.076214320059663,0.8168251287865022,0.3464224005130687,89.36880842586768,1.5774949324065834,17.75859096615383,0.010837476488102503,1.062717712515353,-0.002669270368971371,1.2724972660486746,-31.227696004129935,-36.76335211063344,1.8273955912766435,19.7301231789968,12.994164936430783
39.073131078509775,18.96762432883969,1.1503455196604255,0.382736039495485,125.19585254305433,15.105062683433792,16.54121619228024,0.008784911747179621,0.8425133717105916,-0.015013918064520135,1.4026606666792663,-29.438746751339995,-34.37278676584887,1.8380310477986226,18.442155568074057,13.037454123812259
33.9874975943823,22.062469844404752,1.1601312362625193,0.3973049040758302,109.35758925617338,29.520717683159383,20.356384643377165,-0.004977387977903205,0.8816497286811289,0.00973700521277135,1.4748013788548695,-34.65549464522637,-40.36293980867305,1.81219766363967,18.639184929854572,12.968129606722389
40.187789252103144,19.173550571809894,1.2161543405953448,0.5391775226542571,72.6381948849053,17.987467810140025,2.096559750663692,-0.0695083695947375,1.0580854333964014,-0.005031719865349504,1.4320874300377264,-30.13834342004634,-30.424876075827637,1.6994376363947254,18.440620952635214,13.490468367694259
30.911848637686347,5.57323503745938,0.8611958128279883,0.4067081230046571,54.64696381024544,6.5570365009960465,4.6150384340992545,0.03695507377839418,0.890452059540423,-0.00046577269130828133,0.9981647930628651,-25.301296602155535,-31.97548505466276,1.8605299025938529,17.87904528561658,12.863735431428443
41.734298885976095,23.397158399595398,0.855002565771697,0.44312857305314285,135.64146390518465,2.6124468742498483,11.716283874514234,0.0590193587733027,0.7761888999549149,0.0063533686078902085,0.8386165311768239,-28.76437194134968,-38.813629717100525,1.9577798418652528,19.57955922408514,12.497613315176231
42.203625155445756,23.75600466047184,0.6960133185720105,0.6490565057585524,99.18517751387925,14.71195212579136,14.943263883626653,-0.045290350915492904,0.7240638607259088,0.010505494544896767,0.9866554632044857,-29.604610751288106,-33.742310526676214,1.7731158554749116,17.865161351170247,13.105281845543184
43.06995562270686,27.523621950239345,1.3139015868032136,0.5004894271227622,81.36699490145804,14.14676315347313,20.988512425551956,-0.06504877752114585,0.996883017361641,0.01586812807615619,1.064713537714752,-30.788413099106407,-32.889387818592304,1.7178150744112086,18.894423028122,13.279367486946272
47.30205253735204,8.19432061171094,0.9955252675593698,0.5949073004699544,118.8384581499009,5.782266337801798,15.535990422471096,0.01239486173084775,0.992188224566089,0.024126874941630242,1.0997367525732535,-32.01436595548639,-40.59449344761561,1.871397535297786,19.01217401452732,12.671392796886417
47.118465785690944,43.10123414137536,1.3309901864585687,0.5162701620288253,55.98591185467995,5.228014453284037,14.99255592672641,-0.045858167149820495,0.8589002123820181,0.007940160529855009,0.7910642578347981,-30.44209744273139,-33.26638531163657,1.7471939691584517,18.845541545760344,13.218930704369297
41.415424590132,22.455833924326907,1.3305275151534448,0.5652509141381347,58.442180684792554,12.974655350812295,4.467701462369398,-0.06916349344477825,0.7513138973765726,-0.0036952390130369417,1.2764306149525397,-29.59647747964447,-30.24882974742387,1.7020895544365546,17.201739156376423,13.470910653855434
39.80948661160129,32.846801092726736,1.0250456078935977,0.5450323522233508,104.35432911363627,18.572717533174632,12.767836664260805,-0.009009159803690658,1.1370742342115052,-0.004479221200601936,0.8994681430985474,-30.874836920765866,-36.68810603974751,1.8352447642473835,20.650017759488,12.978129407831545
38.455157511102826,28.68327213941027,1.0262003974414449,0.4046362014930388,77.7662668899583,15.233882950465526,19.875556542581627,0.01877372073515756,1.0150574117343252,-0.00548825896356313,0.8597876078215867,-29.22276360295827,-35.81870078954968,1.8587515617151156,20.27959025873523,12.90234442786131
39.738994236892566,12.047269012534066,0.8143669270962546,0.44726861472571605,140.2806683325386,4.209947501376108,4.818689140402053,0.00968532268943079,1.0723847809288358,-0.002279233547367544,1.0927874576403416,-28.356536336795457,-35.05662904244225,1.8580385953869767,19.61497870989211,12.884049670451923
42.641871460817,10.98948333895025,1.4185119263138801,0.4620830722797621,144.7617980661939,20.520114819441144,0.8768738523305473,-0.027765209764794404,0.813106049445055,-0.05840384015784788,1.169373167352477,-32.3390648151435,-32.74212303655647,1.7880553317814218,17.522170065850144,13.519525380525316
34.69598999418018,42.127548924964785,1.3153502907264305,0.4715066184977746,145.87300380097926,8.625246516308138,2.1846386032978717,0.024005023168462217,1.167004545542392,-0.01015810668827509,0.8170152302733149,-25.67275283150595,-33.48539183648353,1.898163302963638,21.45350541516243,12.797777636769652
42.59600928900513,36.50644419344645,0.9580609984625665,0.5772987410196162,137.94012943855023,9.301889465812874,14.423692896084827,0.037476749848364986,0.992878834505344,-0.010843528479132874,1.0793589275788247,-29.491191120380826,-38.12392282876218,1.928814587372075,20.881951465666145,12.700081924209814
35.72988110149623,20.536741957666706,1.4046756175752346,0.6249520004775744,91.44884920648686,17.087992728562487,2.7483105565448698,-0.033302889634889,0.9821375666248966,-0.04646286261608599,0.8940842804812128,-28.27029550157489,-28.884458504774315,1.7934075389086563,19.35755827425925,13.414545415818255
35.82136437364018,25.753800949646408,0.9762937943791672,0.5794420059004893,65.76750071634855,23.835402519650096,12.283135303910473,-0.005529034524642321,0.8020979430940431,-0.016880899694873604,0.7802816376932171,-29.75066738628267,-34.41811671693667,1.8339353106995282,18.9469178042755,13.064391566247481
37.5331997475183,6.379306130884087,0.8046688229997798,0.4059502053536401,101.94233831692776,17.31339098333402,6.693167977708015,-0.03141023092261243,1.0169846702059697,-0.012375432936052413,1.311650977114731,-30.111972412978673,-31.51016682691842,1.7461479508918198,17.539759151136927,13.35819565547281
43.882789239783236,34.88000494412651,1.2131862916075864,0.4985615237610734,108.18151085796646,14.811729216752674,12.297994408625115,-0.0757672786070162,1.0190855626090805,0.03176713915457452,1.324749302454291,-30.378371643227364,-33.096628771411226,1.7046187033659863,18.964753678134908,13.227561553817244
35.77357115824801,14.681852954163013,0.8494138059642299,0.42260868674157137,112.46618549755843,14.389738997337044,7.546994506796294,-0.00538172783217548,1.3177796187081574,0.022079008602280927,1.0512871376465025,-27.90748939251862,-35.02878082445896,1.8225231444774583,20.419999511551296,12.85302940831898
44.16696399907976,7.149392173428235,0.8104866014020815,0.558951973022182,91.92712212209986,13.11107099749884,4.606117778885077,0.11727320438648155,0.9662882096614104,-0.0064911665337916424,0.9812514636449238,-32.231679374879,-43.99413635079018,2.0596073508550266,20.217114791596604,12.263266852257056
39.782206200272924,24.79123888070816,1.196781023519852,0.6065872816812609,92.1010647709942,11.630151114029184,4.819908425245252,0.01395866611643571,0.9453423386627696,0.017132091787935504,0.7522696657751654,-28.539452869093797,-37.24686876391698,1.882329584887176,20.133639826855113,12.677912473544849
36.16083470580574,27.65075539132081,0.9849456620070555,0.48915210303131673,99.7476331447799,2.5397423019573666,9.240761341912037,0.02998976610973569,0.8384937364980755,0.0016940130690678093,1.0537322042441675,-26.076008402096317,-34.294689620716895,1.8976174960542462,19.57212083162177,12.723669648544512
39.41153041107844,15.132886373708963,1.4728508779915637,0.5275021243198837,82.20148831869795,12.352640022846169,6.980510008452609,0.0017600868910096123,0.9804506881033358,-0.03509117183497233,0.9310805536854927,-28.827186905159884,-32.50001282394558,1.8442695749411044,19.43763621721365,13.150095928137539
42.31443670133706,27.82323890664144,1.0438067078995714,0.3959141748464549,101.73995098391285,6.388409190943509,2.9192443296151094,-0.061581888960762325,1.2533242538210716,0.035976230984749016,0.9542675448255178,-28.67062231835949,-32.37736798196011,1.7181752809531794,19.805868768863782,13.148482504040107
47.38198427271689,23.36917649283061,1.2561309412319144,0.5393768690078716,109.82475335229091,11.911778673468064,9.260658819712367,0.016297868986734583,0.9882281865593301,0.002891537091959967,1.0071959974558462,-32.20595101551058,-40.05682152795954,1.8805599004814844,20.13763506991557,12.773611192641
39.37309920625775,31.376274437586016,1.0268752309965594,0.3542990722492012,87.07560876749042,21.998349902214986,21.060974873834375,0.01986564951435814,1.1954415296298946,-0.005402201696949303,1.3746723286818257,-33.43616609618274,-39.72198507358142,1.848710400783337,20.758413185820956,12.936776426134578
44.52889146382519,13.228251677956422,0.9400876199740025,0.4344744651147027,104.36586432059511,14.011117875062437,12.966062202977142,0.04260787702647229,0.8535505940850864,0.01876259009043172,1.1347884732337403,-31.713682892261644,-40.912374296840184,1.90548623428015,18.78091145074433,12.590554564042257
34.51172301234432,7.952619536209044,0.7895630367888608,0.6151832772848183,91.03574755772533,7.228484852125898,4.852085787789233,-0.09455426176991115,0.7886874122383942,-0.002671079705475003,1.119316311090126,-26.200269048219624,-26.900328662000952,1.667979847624266,16.344671874046718,13.600962893103235
39.07105491576552,18.410070193329908,0.9490003929476806,0.35213226005315124,51.35297882041129,17.521367116454616,8.167216141937162,0.01588756953481568,1.0701872963101253,0.01672874404305497,0.8186223030735063,-29.97306246437658,-36.78410866710634,1.8255231720139782,19.853743897338376,12.876209551355247
36.54850274119176,17.08968394943369,1.0111051963241724,0.6451754136144319,116.09967573445607,0.47527436003233986,9.717364601038575,-0.03174652439352358,1.2477403401325717,-0.02568466472193639,1.0016049401236478,-26.259881101414592,-28.71339442201458,1.7998015992712124,20.224599135327086,13.247141520958204
43.39844378257964,14.579571029159304,1.419851797383588,0.5435925102705733,100.52182781038262,9.528556516874577,6.086855516170521,-0.058753793162538905,1.0819177283302708,0.01841591904779204,0.9451574566057594,-29.845933181982872,-33.15722506067952,1.7397823553985565,19.000823458925982,13.178749745734937
46.561430723589844,19.82548925434119,1.1020179380229442,0.32625018999540634,95.27260004049324,14.193727253785385,9.137558930511855,0.07741178384850135,1.090845263640938,0.0282004084453519,1.1484063723466182,-32.2332323037029,-43.20578346157152,1.9468066316236041,20.789595480525026,12.398923122881127
47.803277345666984,12.557193375301495,1.2222300388348244,0.5609215593367917,88.9677073975249,11.343819191826771,18.1171417465405,-0.033913536975569834,1.382753974204489,0.03202429111425993,1.1411523340831335,-32.8713501034394,-38.85436574884527,1.776219987414728,20.018793110458983,12.956596249547518
41.258758737921205,23.577469431245024,0.8303274618981815,0.3660258281625541,88.71664440880372,6.408810693858854,8.922134325437817,-0.08189779294589586,0.933076959158174,0.021179931112779042,0.9369198588552046,-28.23115855261944,-28.93354295263215,1.6707815229190377,18.137290469550923,13.429915937446557
42.850109234519444,29.619566122883967,0.8444375232798792,0.4961906435883766,114.79990399752386,18.19800425177259,1.6379062385050336,-0.0033535391000098624,1.0507917302669623,0.0048287624236070985,0.9915898052221265,-31.06748636854463,-37.75244449152795,1.8420843294819405,20.283319108333586,12.89387568769217
31.75477050143074,20.441551501198497,1.2123620251345248,0.5117415181003043,116.78286756534624,6.747446011174362,5.702337336382776,0.03538427433683607,1.0327513509047144,-0.008327008641711113,1.188777686561091,-24.622774092130506,-32.75081509707019,1.9098339930278583,20.33523250216837,12.746830464183986
35.38569235359738,26.66896870061031,0.7475610153302767,0.448604872654473,83.35674497910453,20.495704070761995,16.687051807121144,-0.026043383030413154,0.729461868182488,-0.030092755936199228,0.883826905325277,-30.52200979816881,-32.14011785858362,1.785906879935895,18.090608306547473,13.328760216021536
45.09427604577128,30.329475175514364,1.2129750052779797,0.3823065071770314,126.75676732386685,8.734333349450768,17.226423032436394,0.03073591643759435,0.904883708463745,-0.001531283425470624,1.3772198103909257,-30.38982913354015,-38.138565688225384,1.8872031837290526,19.809053256486315,12.779318678759202
40.49203420370584,15.323606508232658,1.2092692346734748,0.5837018247547111,81.42299732498799,3.7280668180764027,14.20946814356516,0.0671902650334831,0.9214404633641361,0.02117355000170018,1.300246198946329,-29.104171832957153,-39.82801371305938,1.9583763062156982,19.6403002147085,12.40470412529269
43.94636336845542,19.193819577681566,1.2903861190342707,0.4432040916836401,63.29494460387271,12.642943274316956,3.932360998644289,0.018980222560610865,1.0224058621944918,0.0029340221256995043,1.191968342403206,-31.057656789043286,-37.735731790555846,1.8477365986900707,19.621716198637518,12.886294406565836
46.97629680524343,27.126476727636287,0.93512438403164,0.5000967299217115,87.3865309921673,7.272007120902362,16.80774913784254,-0.05239244325477747,0.9087095803750852,-0.014656911819941007,0.999655307922056,-30.660190843397643,-31.665698336988335,1.743990626597372,18.74457718890029,13.381920679403787
41.65743530257676,18.495579191297253,0.973486217015636,0.47984154303543286,98.17470449967414,3.720470162115329,10.444482155630348,-0.10409236609314941,0.8319794560358347,0.01896038201473043,1.1812282229043514,-28.42315041703941,-28.886180282632687,1.643673818228694,17.09760124847925,13.554946061005474
41.532997909909994,27.392163345039283,1.1572459963755508,0.5906810214187282,123.18219133564796,10.49874584068027,1.508712062649768,-0.03607356729181596,0.948506508539471,-0.010364932296983327,1.0497953279525207,-28.906037947247718,-32.21287610829293,1.7901605195757784,19.325080853458243,13.179554679497365
47.80857636718649,6.041943771140057,0.6549467391905932,0.6089526744372717,114.24638499860221,19.737329466621997,12.744815544311862,-0.060948424585041655,0.812571101929774,-0.01721993006588233,0.9350523158833355,-34.72532942554049,-35.812937868925204,1.7437205297438132,17.244675371529134,13.40039656980862
37.670148518340476,18.019145169682734,0.9812544146650739,0.4828081891731444,73.57269193027894,19.203820700790615,3.482381900840851,0.007806189877961767,1.0892485897863298,-0.05196273426504628,1.2127814218998072,-29.79461630884439,-31.738205381111612,1.8381831931180876,19.78535792391136,13.28853674869165
40.02227517787982,17.591804587675995,1.3347041318362711,0.43930561529568485,77.65258549081751,8.584149680823833,14.185259974903884,-0.011266247000122185,0.8004201600997688,0.01733451353163254,1.0592590045152304,-28.875665999946875,-34.67551771480436,1.802621957020045,18.100012683117743,12.953885208099514
37.75844375508324,44.25823495274271,1.0113304311805962,0.4820571833655118,102.91880116923298,13.594596219012383,2.8724984607143744,0.03891692979113985,1.0195762979091665,0.015554543433453638,0.7403215371339287,-27.92888591095909,-37.68671161020728,1.9179568894138272,21.070962515372198,12.569361428911487
40.828220083006656,21.568795866792858,1.2361394709546767,0.5060651820222997,121.13283300917674,10.305501547950122,21.815550148509594,-0.013704015742635127,1.0584707609934756,-0.001443310864380149,1.4302174155008083,-29.801049400870898,-34.91796509153914,1.8151778221461958,19.583154215986273,13.029816836709045
36.825874989696,19.325102154308873,0.9818835215310961,0.5871351104684508,140.90961683623985,19.859240989534236,5.840169229081829,-0.015512410333976276,0.898625606899458,0.0037529156203157973,0.9642993663887488,-29.276026791992912,-35.3536854080295,1.831297297858849,19.165925563769743,12.938723275246863
40.71476745622024,26.54637185208064,0.8652753446376759,0.4780000424785187,121.96204555438057,6.966929937041853,15.620241119706176,0.025547326921994767,1.0092665305757194,-0.0010626729787303177,1.2196341691298151,-28.49408661218292,-36.47102329128454,1.8911249246927113,20.324728227812887,12.763066488073143
36.746407380217676,22.50783529376067,0.7547812601083267,0.4916260770396444,141.25424488785436,15.303303970433195,13.721067016326778,-0.046264274970535174,1.0375032475754147,-0.0003182036439422818,0.9531197297922183,-27.536212461396698,-30.620114864236733,1.767310922090293,19.425485817361054,13.197658579828484
42.20035064526086,26.477408582078503,1.0623189252422818,0.43636078540176304,125.35205414408883,10.135453028144287,22.58888491325847,-0.043349645948906106,1.1810305356350854,0.0034562689542872132,0.9884597879530754,-30.2156311283506,-33.42913925603018,1.7632462575913828,19.976911737286795,13.187988237895002
39.37918905051359,19.397264462651744,0.9649847211031455,0.35872667024204735,86.9126263149127,15.25076057274688,8.230176415951766,-0.005027590973609545,0.9797432497449102,0.01178904894044025,0.980183422888863,-29.166368103477556,-34.840298494068904,1.8059846062149534,19.25496773139414,12.977237486767073
41.12018385656939,13.985214442052879,0.8287202845016528,0.5048405619617178,77.35215736707218,14.565842314729656,0.37243370549585464,0.003059479637785243,1.078238588502491,-0.017041746611242102,1.3388833091221504,-30.40226466112341,-34.75959133506433,1.8263257657341285,19.246354229080943,13.09265131607869
38.22299431350161,17.07561975878958,1.2433212996527718,0.49304512813689527,81.40977686285751,27.95524262258669,0.7059630226514999,0.04509645016815539,0.9413688987239629,-0.017558117095730304,1.198804393230275,-33.84930476605555,-41.3540885648462,1.9111685501472089,19.607773950475647,12.802103450600251
41.18192602969496,40.554979799446606,0.9416860289282738,0.4579912780244284,76.35056133125987,10.65526748789997,18.007285887159448,-0.04605952996434897,1.1842417614849308,0.024430205511849015,1.4167179105139178,-29.419968389770897,-33.48009818807508,1.7449171645892196,19.96490475389311,13.120659550627352
42.45024306753949,12.1881292108352,1.126051106168664,0.4837896869567908,80.94976332828365,15.626324929626772,5.964315196289869,-0.02968070779940929,1.1088993548635309,-0.02325433214036835,1.297507534149286,-31.517051429159263,-32.7133372218595,1.7645069489316285,18.75812573437424,13.36231878167454
35.5391008733537,9.312671944922478,1.2286788447160342,0.30323723614276954,120.80052322377087,29.862028278674686,10.083816930148265,0.013474601578300575,0.9150140999732924,-0.02889036038263923,0.9038910000855092,-34.21212786211126,-38.05475332586351,1.8372098555656753,18.515709764933426,13.133205683603272
46.32346152535076,27.34309997170725,1.187572899489796,0.46733944573467534,119.4933400699185,12.25897983044649,3.240936329084068,-0.037102532510297916,1.1254037466672622,-0.03194698707115301,1.268158119172054,-31.171729858693567,-31.9697201588438,1.7734057271474202,19.795881830080592,13.388460386098638
33.93765242334315,19.464320090259285,1.4605998914052514,0.6942983401032232,129.45189263969522,24.290865598403933,6.782520033251077,-0.08100192279008085,1.0880151042638462,0.01684024603008952,1.1701767197489141,-29.46283183868853,-31.245053160245018,1.7090656840034442,18.884264021138787,13.306949880794765
39.57380614162191,20.730890890912153,1.297352804594118,0.43943643410783356,94.47030079186906,11.14401519065703,7.734411929518159,-0.04498083814576937,0.9033162606992904,-0.016916378073262323,1.3236201245411452,-28.40477514149544,-29.324324876746633,1.7433410094102382,18.25167978363386,13.399785863350363
35.95222079204703,12.925241808608114,0.8692936875155519,0.5301894896682213,85.87841983446147,21.946969785991698,6.371900939019161,-0.029152063905450654,1.0077227978346583,-0.03345966808905803,0.7673538801131771,-30.16493079613825,-31.780426944746708,1.7946858702627702,19.210700753153805,13.31925855104989
37.673451289831505,17.966009868267115,1.0522841093529434,0.530468067830476,95.9079235205759,17.720796203124774,7.577837762031416,-0.07913834042950657,1.1226574339172648,0.03581241859696192,1.4516816757227957,-29.72790561873572,-31.974827741174554,1.6874798247863219,18.51987702793906,13.268578872940868
37.21624437133696,20.433574420219518,0.7966789060206839,0.5040461179864671,84.82795322690897,13.835977839038986,3.8397940461098514,0.009774235122431148,0.9335575902959851,0.008144589969536955,1.4857379909935513,-28.280142012376444,-35.13164641142812,1.8450979336862319,19.09514429486285,12.862137220314482
41.43291520573584,37.93316823891086,1.1317132064389206,0.4770739970343843,124.74562544982906,10.101035814633432,17.023830933419866,0.05172958893469427,0.9612723249433046,0.011435110988494231,0.9345903198556103,-29.05013534661385,-39.2681345352938,1.9451927284135972,20.91708756576581,12.50644651714035
35.20776453635932,28.704307597857774,1.3411099313893255,0.6264957608517261,36.096854199171645,8.128398676733804,1.658118712074554,0.002748768983585191,0.7810521551237684,0.03817997347419005,1.3104302465454158,-26.07603851549087,-34.00890328827383,1.8268089450884477,18.559084378214425,12.738003781466
45.7481215170282,36.93012565843577,0.9389519596965865,0.6076234050802771,129.62221277355147,11.765557022700538,8.141759283596631,-0.017085943347889588,0.9533402744129352,-0.0003606549612696583,1.2404705882348295,-30.837347013916894,-36.52916590017639,1.826904315289881,19.807510968311846,12.98089659278104
32.04917526738204,15.269155327584919,1.060363062239949,0.47923069562221604,76.26502900776157,22.458576054787827,9.662299600908394,0.022984087814351278,0.8754367224342525,0.0013094877568368812,0.9297342613121798,-28.631096621959905,-36.02538329926644,1.8741121863862864,19.0785832673253,12.805669936567568
34.859319899158244,15.716041790909088,0.9015060168535285,0.4468543427509191,135.01905876909242,21.95322280598775,1.9438070817726354,0.01422206149354807,0.7843340417902716,0.022750754530517402,1.1194872742424387,-29.736950814618247,-37.98926218157478,1.8664604105096392,18.31895028633766,12.696673924597766
38.97711836767894,14.389038900936683,1.1692321154813794,0.6283135882817684,64.07908603647134,4.392154032206364,2.968779703790335,-0.05417775968308095,0.7434767941756558,-0.004072297442014908,1.004550451326321,-27.53983089162057,-29.354364702521668,1.741731806683753,17.188200423732823,13.319248262049696
45.061007397079294,21.005902261722362,1.3098568370498958,0.571759727695748,107.11624190858697,13.360452869887542,15.411890838523245,-0.006198795270297711,0.9370101195832435,-0.02254477433008031,1.1701406161955699,-30.962859989418114,-35.355054626877724,1.8373001828865152,19.335283748548825,13.09018445368593
41.563955350233236,37.67170080903268,1.067999310433783,0.4867705458238609,109.1919763750783,9.408796362098041,16.740904438965877,0.016342624478707064,0.7819730085936522,-0.01837915029350448,1.1741015312761554,-28.8419896028044,-35.02909032464234,1.875296227114412,19.259752291205803,12.929372109045797
38.089876056812116,39.34842994761729,1.250830322431228,0.6975198310052717,130.27580225717168,14.581944549826472,12.52944228504399,-0.012875769529673559,1.0951302056137249,-0.01601611618229177,1.084946264598059,-28.436292755047393,-33.5794567519981,1.840480516161073,20.594873259630134,13.035408842736434
